configuration,entry_session,regime,slot_chicago,trades,wins,win_rate,gross_points,net_points,expectancy_points
context_on,asia,positive,s4_1330_1510,1,1,1.0,7.0,6.486,6.486
context_on,asia,unknown,outside_cash,12,6,0.5,9.25,3.081999999999997,0.2568333333333331
context_on,asia,unknown,s4_1330_1510,1,0,0.0,-15.5,-16.014,-16.014
context_on,london,unknown,outside_cash,5,2,0.4,-45.25,-47.81999999999999,-9.563999999999998
context_on,ny,negative,outside_cash,1,0,0.0,-19.0,-19.514,-19.514
context_on,ny,positive,outside_cash,2,2,1.0,57.5,56.472,28.236
context_on,ny,positive,s1_0830_1000,1,0,0.0,-15.75,-16.264,-16.264
context_on,ny,positive,s2_1000_1200,3,2,0.6666666666666666,34.0,32.458,10.819333333333333
context_on,ny,positive,s3_1200_1330,2,2,1.0,50.0,48.972,24.486
context_on,ny,unknown,s2_1000_1200,1,1,1.0,24.5,23.986,23.986
regime_positive,asia,positive,s4_1330_1510,1,1,1.0,7.0,6.486,6.486
regime_positive,asia,unknown,outside_cash,12,6,0.5,9.25,3.081999999999997,0.2568333333333331
regime_positive,asia,unknown,s4_1330_1510,1,0,0.0,-15.5,-16.014,-16.014
regime_positive,london,unknown,outside_cash,5,2,0.4,-45.25,-47.81999999999999,-9.563999999999998
regime_positive,ny,positive,outside_cash,2,2,1.0,57.5,56.472,28.236
regime_positive,ny,positive,s1_0830_1000,1,0,0.0,-15.75,-16.264,-16.264
regime_positive,ny,positive,s2_1000_1200,3,2,0.6666666666666666,34.0,32.458,10.819333333333333
regime_positive,ny,positive,s3_1200_1330,2,2,1.0,50.0,48.972,24.486
regime_positive,ny,unknown,s2_1000_1200,1,1,1.0,24.5,23.986,23.986
regime_negative,asia,unknown,outside_cash,12,6,0.5,9.25,3.081999999999997,0.2568333333333331
regime_negative,asia,unknown,s4_1330_1510,1,0,0.0,-15.5,-16.014,-16.014
regime_negative,london,unknown,outside_cash,5,2,0.4,-45.25,-47.81999999999999,-9.563999999999998
regime_negative,ny,negative,outside_cash,1,0,0.0,-19.0,-19.514,-19.514
regime_negative,ny,unknown,s2_1000_1200,1,1,1.0,24.5,23.986,23.986
gex1_block,asia,positive,s4_1330_1510,1,1,1.0,7.0,6.486,6.486
gex1_block,asia,unknown,outside_cash,12,6,0.5,9.25,3.081999999999997,0.2568333333333331
gex1_block,asia,unknown,s4_1330_1510,1,0,0.0,-15.5,-16.014,-16.014
gex1_block,london,unknown,outside_cash,5,2,0.4,-45.25,-47.81999999999999,-9.563999999999998
gex1_block,ny,negative,outside_cash,1,0,0.0,-19.0,-19.514,-19.514
gex1_block,ny,positive,outside_cash,2,1,0.5,-10.5,-11.528000000000002,-5.764000000000001
gex1_block,ny,positive,s2_1000_1200,3,2,0.6666666666666666,34.0,32.458,10.819333333333333
gex1_block,ny,positive,s3_1200_1330,1,1,1.0,22.25,21.736,21.736
gex1_block,ny,unknown,s2_1000_1200,1,1,1.0,24.5,23.986,23.986
slot_s1,ny,positive,s1_0830_1000,2,0,0.0,-80.0,-81.02799999999999,-40.513999999999996
slot_s2,ny,positive,s2_1000_1200,4,2,0.5,12.5,10.443999999999996,2.610999999999999
slot_s2,ny,unknown,s2_1000_1200,1,1,1.0,24.5,23.986,23.986
slot_s3,ny,positive,s3_1200_1330,4,3,0.75,34.0,31.943999999999992,7.985999999999998
slot_s3,ny,unknown,s3_1200_1330,1,1,1.0,32.0,31.486,31.486
slot_s4,none,positive,s4_1330_1510,3,2,0.6666666666666666,71.75,70.208,23.402666666666665
slot_s4,none,unknown,s4_1330_1510,2,1,0.5,36.5,35.471999999999994,17.735999999999997
midsession,ny,positive,s2_1000_1200,4,2,0.5,12.5,10.443999999999996,2.610999999999999
midsession,ny,positive,s3_1200_1330,2,2,1.0,50.0,48.972,24.486
midsession,ny,unknown,s2_1000_1200,1,1,1.0,24.5,23.986,23.986
positive_mid_gex1,ny,positive,s2_1000_1200,3,2,0.6666666666666666,34.0,32.458,10.819333333333333
positive_mid_gex1,ny,positive,s3_1200_1330,1,1,1.0,22.25,21.736,21.736
positive_mid_gex1,ny,unknown,s2_1000_1200,1,1,1.0,24.5,23.986,23.986
ny_only,ny,negative,outside_cash,1,0,0.0,-19.0,-19.514,-19.514
ny_only,ny,positive,outside_cash,2,2,1.0,57.5,56.472,28.236
ny_only,ny,positive,s1_0830_1000,1,0,0.0,-15.75,-16.264,-16.264
ny_only,ny,positive,s2_1000_1200,3,2,0.6666666666666666,34.0,32.458,10.819333333333333
ny_only,ny,positive,s3_1200_1330,2,2,1.0,50.0,48.972,24.486
ny_only,ny,unknown,s2_1000_1200,1,1,1.0,24.5,23.986,23.986
