configuration,slot_chicago,trades,wins,win_rate,gross_points,net_points,expectancy_points
baseline,outside_cash,20,10,0.5,2.5,-7.7799999999999905,-0.3889999999999995
baseline,s1_0830_1000,1,0,0.0,-15.75,-16.264,-16.264
baseline,s2_1000_1200,4,3,0.75,58.5,56.444,14.111
baseline,s3_1200_1330,2,2,1.0,50.0,48.972,24.486
baseline,s4_1330_1510,2,1,0.5,-8.5,-9.527999999999999,-4.763999999999999
context_on,outside_cash,20,10,0.5,2.5,-7.7799999999999905,-0.3889999999999995
context_on,s1_0830_1000,1,0,0.0,-15.75,-16.264,-16.264
context_on,s2_1000_1200,4,3,0.75,58.5,56.444,14.111
context_on,s3_1200_1330,2,2,1.0,50.0,48.972,24.486
context_on,s4_1330_1510,2,1,0.5,-8.5,-9.527999999999999,-4.763999999999999
regime_positive,outside_cash,19,10,0.5263157894736842,21.5,11.734000000000005,0.6175789473684213
regime_positive,s1_0830_1000,1,0,0.0,-15.75,-16.264,-16.264
regime_positive,s2_1000_1200,4,3,0.75,58.5,56.444,14.111
regime_positive,s3_1200_1330,2,2,1.0,50.0,48.972,24.486
regime_positive,s4_1330_1510,2,1,0.5,-8.5,-9.527999999999999,-4.763999999999999
regime_negative,outside_cash,18,8,0.4444444444444444,-55.0,-64.252,-3.569555555555555
regime_negative,s2_1000_1200,1,1,1.0,24.5,23.986,23.986
regime_negative,s4_1330_1510,1,0,0.0,-15.5,-16.014,-16.014
gex1_block,outside_cash,20,9,0.45,-65.5,-75.77999999999997,-3.788999999999999
gex1_block,s2_1000_1200,4,3,0.75,58.5,56.444,14.111
gex1_block,s3_1200_1330,1,1,1.0,22.25,21.736,21.736
gex1_block,s4_1330_1510,2,1,0.5,-8.5,-9.527999999999999,-4.763999999999999
slot_s1,s1_0830_1000,2,0,0.0,-80.0,-81.02799999999999,-40.513999999999996
slot_s2,s2_1000_1200,5,3,0.6,37.0,34.43,6.886
slot_s3,s3_1200_1330,5,4,0.8,66.0,63.42999999999999,12.685999999999998
slot_s4,s4_1330_1510,5,3,0.6,108.25,105.68,21.136000000000003
midsession,s2_1000_1200,5,3,0.6,37.0,34.43,6.886
midsession,s3_1200_1330,2,2,1.0,50.0,48.972,24.486
positive_mid_gex1,s2_1000_1200,4,3,0.75,58.5,56.444,14.111
positive_mid_gex1,s3_1200_1330,1,1,1.0,22.25,21.736,21.736
ny_only,outside_cash,3,2,0.6666666666666666,38.5,36.958,12.319333333333333
ny_only,s1_0830_1000,1,0,0.0,-15.75,-16.264,-16.264
ny_only,s2_1000_1200,4,3,0.75,58.5,56.444,14.111
ny_only,s3_1200_1330,2,2,1.0,50.0,48.972,24.486
