configuration,regime,trades,wins,win_rate,gross_points,net_points,expectancy_points
baseline,negative,1,0,0.0,-19.0,-19.514,-19.514
baseline,positive,9,7,0.7777777777777778,132.75,128.124,14.235999999999999
baseline,unknown,19,9,0.47368421052631576,-27.0,-36.76599999999999,-1.935052631578947
context_on,negative,1,0,0.0,-19.0,-19.514,-19.514
context_on,positive,9,7,0.7777777777777778,132.75,128.124,14.235999999999999
context_on,unknown,19,9,0.47368421052631576,-27.0,-36.76599999999999,-1.935052631578947
regime_positive,positive,9,7,0.7777777777777778,132.75,128.124,14.235999999999999
regime_positive,unknown,19,9,0.47368421052631576,-27.0,-36.76599999999999,-1.935052631578947
regime_negative,negative,1,0,0.0,-19.0,-19.514,-19.514
regime_negative,unknown,19,9,0.47368421052631576,-27.0,-36.76599999999999,-1.935052631578947
gex1_block,negative,1,0,0.0,-19.0,-19.514,-19.514
gex1_block,positive,7,5,0.7142857142857143,52.75,49.152,7.021714285714286
gex1_block,unknown,19,9,0.47368421052631576,-27.0,-36.76599999999999,-1.935052631578947
slot_s1,positive,2,0,0.0,-80.0,-81.02799999999999,-40.513999999999996
slot_s2,positive,4,2,0.5,12.5,10.443999999999996,2.610999999999999
slot_s2,unknown,1,1,1.0,24.5,23.986,23.986
slot_s3,positive,4,3,0.75,34.0,31.943999999999992,7.985999999999998
slot_s3,unknown,1,1,1.0,32.0,31.486,31.486
slot_s4,positive,3,2,0.6666666666666666,71.75,70.208,23.402666666666665
slot_s4,unknown,2,1,0.5,36.5,35.471999999999994,17.735999999999997
midsession,positive,6,4,0.6666666666666666,62.5,59.416,9.902666666666667
midsession,unknown,1,1,1.0,24.5,23.986,23.986
positive_mid_gex1,positive,4,3,0.75,56.25,54.194,13.5485
positive_mid_gex1,unknown,1,1,1.0,24.5,23.986,23.986
ny_only,negative,1,0,0.0,-19.0,-19.514,-19.514
ny_only,positive,8,6,0.75,125.75,121.63799999999999,15.204749999999999
ny_only,unknown,1,1,1.0,24.5,23.986,23.986
