configuration,entry_session,trades,wins,win_rate,gross_points,net_points,expectancy_points
baseline,asia,14,7,0.5,0.75,-6.445999999999987,-0.4604285714285705
baseline,london,5,2,0.4,-45.25,-47.81999999999999,-9.563999999999998
baseline,ny,10,7,0.7,131.25,126.11000000000001,12.611
context_on,asia,14,7,0.5,0.75,-6.445999999999987,-0.4604285714285705
context_on,london,5,2,0.4,-45.25,-47.81999999999999,-9.563999999999998
context_on,ny,10,7,0.7,131.25,126.11000000000001,12.611
regime_positive,asia,14,7,0.5,0.75,-6.445999999999987,-0.4604285714285705
regime_positive,london,5,2,0.4,-45.25,-47.81999999999999,-9.563999999999998
regime_positive,ny,9,7,0.7777777777777778,150.25,145.624,16.180444444444444
regime_negative,asia,13,6,0.46153846153846156,-6.25,-12.931999999999992,-0.9947692307692301
regime_negative,london,5,2,0.4,-45.25,-47.81999999999999,-9.563999999999998
regime_negative,ny,2,1,0.5,5.5,4.472000000000001,2.2360000000000007
gex1_block,asia,14,7,0.5,0.75,-6.445999999999987,-0.4604285714285705
gex1_block,london,5,2,0.4,-45.25,-47.81999999999999,-9.563999999999998
gex1_block,ny,8,5,0.625,51.25,47.13799999999999,5.892249999999999
slot_s1,ny,2,0,0.0,-80.0,-81.02799999999999,-40.513999999999996
slot_s2,ny,5,3,0.6,37.0,34.43,6.886
slot_s3,ny,5,4,0.8,66.0,63.42999999999999,12.685999999999998
slot_s4,none,5,3,0.6,108.25,105.68,21.136000000000003
midsession,ny,7,5,0.7142857142857143,87.0,83.402,11.91457142857143
positive_mid_gex1,ny,5,4,0.8,80.75,78.18,15.636000000000001
ny_only,ny,10,7,0.7,131.25,126.11000000000001,12.611
