configuration,trades,wins,win_rate,gross_points,net_points,expectancy_points,net_cash_cents.myfundedfutures,net_cash_cents.takeprofittrader,ny.trades,ny.wins,ny.win_rate,ny.gross_points,ny.net_points,ny.expectancy_points,roll_day_trades,roll_day_net_points,open_unresolved_trades
baseline,29,16,0.5517241379310345,86.75,71.844,2.477379310344827,-25000,-20400,10,7,0.7,131.25,126.11000000000001,12.611,0,0.0,0
context_on,29,16,0.5517241379310345,86.75,71.844,2.477379310344827,-25000,-20400,10,7,0.7,131.25,126.11000000000001,12.611,0,0.0,0
regime_positive,28,16,0.5714285714285714,105.75,91.358,3.2627857142857146,-25000,-20400,9,7,0.7777777777777778,150.25,145.624,16.180444444444444,0,0.0,0
regime_negative,20,9,0.45,-46.0,-56.279999999999994,-2.8139999999999996,-25000,-20400,2,1,0.5,5.5,4.472000000000001,2.2360000000000007,0,0.0,0
gex1_block,27,14,0.5185185185185185,6.75,-7.128000000000007,-0.2640000000000003,-25000,-30600,8,5,0.625,51.25,47.13799999999999,5.892249999999999,0,0.0,0
slot_s1,2,0,0.0,-80.0,-81.02799999999999,-40.513999999999996,-12500,-10200,2,0,0.0,-80.0,-81.02799999999999,-40.513999999999996,0,0.0,0
slot_s2,5,3,0.6,37.0,34.43,6.886,-12500,-10200,5,3,0.6,37.0,34.43,6.886,0,0.0,0
slot_s3,5,4,0.8,66.0,63.42999999999999,12.685999999999998,-12500,-20400,5,4,0.8,66.0,63.42999999999999,12.685999999999998,0,0.0,0
slot_s4,5,3,0.6,108.25,105.68,21.136000000000003,-12500,-10200,0,0,,0.0,0.0,,0,0.0,0
midsession,7,5,0.7142857142857143,87.0,83.402,11.91457142857143,-12500,-10200,7,5,0.7142857142857143,87.0,83.402,11.91457142857143,0,0.0,0
negative_s1,0,0,,0.0,0.0,,-12500,-10200,0,0,,0.0,0.0,,0,0.0,0
positive_mid_gex1,5,4,0.8,80.75,78.18,15.636000000000001,-12500,-10200,5,4,0.8,80.75,78.18,15.636000000000001,0,0.0,0
ny_only,10,7,0.7,131.25,126.11000000000001,12.611,-12500,-10200,10,7,0.7,131.25,126.11000000000001,12.611,0,0.0,0
