configuration,calendar_month,trades,wins,win_rate,gross_points,net_points_by_entry_month,expectancy_points,net_cash_by_cash_event_month_cents.myfundedfutures,net_cash_by_cash_event_month_cents.takeprofittrader
baseline,2025-06,4,3,0.75,62.5,60.444,15.111,-12500,-10200
baseline,2025-07,4,2,0.5,7.75,5.694000000000003,1.4235000000000007,0,0
baseline,2025-08,12,5,0.4166666666666667,-64.75,-70.91799999999999,-5.909833333333332,-12500,-10200
baseline,2025-09,1,0,0.0,-30.0,-30.514,-30.514,0,0
baseline,2025-10,0,0,,0.0,0.0,,0,0
baseline,2025-11,0,0,,0.0,0.0,,0,0
baseline,2025-12,0,0,,0.0,0.0,,0,0
baseline,2026-01,0,0,,0.0,0.0,,0,0
baseline,2026-02,0,0,,0.0,0.0,,0,0
baseline,2026-03,0,0,,0.0,0.0,,0,0
baseline,2026-04,8,6,0.75,111.25,107.13799999999998,13.392249999999997,0,0
baseline,2026-05,0,0,,0.0,0.0,,0,0
baseline,2026-06,0,0,,0.0,0.0,,0,0
context_on,2025-06,4,3,0.75,62.5,60.444,15.111,-12500,-10200
context_on,2025-07,4,2,0.5,7.75,5.694000000000003,1.4235000000000007,0,0
context_on,2025-08,12,5,0.4166666666666667,-64.75,-70.91799999999999,-5.909833333333332,-12500,-10200
context_on,2025-09,1,0,0.0,-30.0,-30.514,-30.514,0,0
context_on,2025-10,0,0,,0.0,0.0,,0,0
context_on,2025-11,0,0,,0.0,0.0,,0,0
context_on,2025-12,0,0,,0.0,0.0,,0,0
context_on,2026-01,0,0,,0.0,0.0,,0,0
context_on,2026-02,0,0,,0.0,0.0,,0,0
context_on,2026-03,0,0,,0.0,0.0,,0,0
context_on,2026-04,8,6,0.75,111.25,107.13799999999998,13.392249999999997,0,0
context_on,2026-05,0,0,,0.0,0.0,,0,0
context_on,2026-06,0,0,,0.0,0.0,,0,0
regime_positive,2025-06,4,3,0.75,62.5,60.444,15.111,-12500,-10200
regime_positive,2025-07,4,2,0.5,7.75,5.694000000000003,1.4235000000000007,0,0
regime_positive,2025-08,11,5,0.45454545454545453,-45.75,-51.404,-4.673090909090909,-12500,-10200
regime_positive,2025-09,1,0,0.0,-30.0,-30.514,-30.514,0,0
regime_positive,2025-10,0,0,,0.0,0.0,,0,0
regime_positive,2025-11,0,0,,0.0,0.0,,0,0
regime_positive,2025-12,0,0,,0.0,0.0,,0,0
regime_positive,2026-01,0,0,,0.0,0.0,,0,0
regime_positive,2026-02,0,0,,0.0,0.0,,0,0
regime_positive,2026-03,0,0,,0.0,0.0,,0,0
regime_positive,2026-04,8,6,0.75,111.25,107.13799999999998,13.392249999999997,0,0
regime_positive,2026-05,0,0,,0.0,0.0,,0,0
regime_positive,2026-06,0,0,,0.0,0.0,,0,0
regime_negative,2025-06,3,2,0.6666666666666666,31.5,29.958000000000002,9.986,-12500,-10200
regime_negative,2025-07,3,1,0.3333333333333333,-13.5,-15.041999999999998,-5.013999999999999,0,0
regime_negative,2025-08,7,2,0.2857142857142857,-75.75,-79.348,-11.33542857142857,-12500,-10200
regime_negative,2025-09,1,0,0.0,-30.0,-30.514,-30.514,0,0
regime_negative,2025-10,0,0,,0.0,0.0,,0,0
regime_negative,2025-11,0,0,,0.0,0.0,,0,0
regime_negative,2025-12,0,0,,0.0,0.0,,0,0
regime_negative,2026-01,0,0,,0.0,0.0,,0,0
regime_negative,2026-02,0,0,,0.0,0.0,,0,0
regime_negative,2026-03,0,0,,0.0,0.0,,0,0
regime_negative,2026-04,6,4,0.6666666666666666,41.75,38.66600000000001,6.4443333333333355,0,0
regime_negative,2026-05,0,0,,0.0,0.0,,0,0
regime_negative,2026-06,0,0,,0.0,0.0,,0,0
gex1_block,2025-06,4,2,0.5,-5.5,-7.556000000000001,-1.8890000000000002,-12500,-10200
gex1_block,2025-07,4,2,0.5,7.75,5.694000000000003,1.4235000000000007,0,0
gex1_block,2025-08,10,4,0.4,-76.75,-81.89,-8.189,-12500,-10200
gex1_block,2025-09,1,0,0.0,-30.0,-30.514,-30.514,0,0
gex1_block,2025-10,0,0,,0.0,0.0,,0,0
gex1_block,2025-11,0,0,,0.0,0.0,,0,0
gex1_block,2025-12,0,0,,0.0,0.0,,0,0
gex1_block,2026-01,0,0,,0.0,0.0,,0,0
gex1_block,2026-02,0,0,,0.0,0.0,,0,0
gex1_block,2026-03,0,0,,0.0,0.0,,0,0
gex1_block,2026-04,8,6,0.75,111.25,107.13799999999998,13.392249999999997,0,-10200
gex1_block,2026-05,0,0,,0.0,0.0,,0,0
gex1_block,2026-06,0,0,,0.0,0.0,,0,0
slot_s1,2025-06,0,0,,0.0,0.0,,-12500,-10200
slot_s1,2025-07,0,0,,0.0,0.0,,0,0
slot_s1,2025-08,1,0,0.0,-15.75,-16.264,-16.264,0,0
slot_s1,2025-09,0,0,,0.0,0.0,,0,0
slot_s1,2025-10,0,0,,0.0,0.0,,0,0
slot_s1,2025-11,0,0,,0.0,0.0,,0,0
slot_s1,2025-12,0,0,,0.0,0.0,,0,0
slot_s1,2026-01,0,0,,0.0,0.0,,0,0
slot_s1,2026-02,0,0,,0.0,0.0,,0,0
slot_s1,2026-03,0,0,,0.0,0.0,,0,0
slot_s1,2026-04,1,0,0.0,-64.25,-64.764,-64.764,0,0
slot_s1,2026-05,0,0,,0.0,0.0,,0,0
slot_s1,2026-06,0,0,,0.0,0.0,,0,0
slot_s2,2025-06,1,1,1.0,24.5,23.986,23.986,-12500,-10200
slot_s2,2025-07,1,1,1.0,21.25,20.736,20.736,0,0
slot_s2,2025-08,2,0,0.0,-51.75,-52.778,-26.389,0,0
slot_s2,2025-09,0,0,,0.0,0.0,,0,0
slot_s2,2025-10,0,0,,0.0,0.0,,0,0
slot_s2,2025-11,0,0,,0.0,0.0,,0,0
slot_s2,2025-12,0,0,,0.0,0.0,,0,0
slot_s2,2026-01,0,0,,0.0,0.0,,0,0
slot_s2,2026-02,0,0,,0.0,0.0,,0,0
slot_s2,2026-03,0,0,,0.0,0.0,,0,0
slot_s2,2026-04,1,1,1.0,43.0,42.486,42.486,0,0
slot_s2,2026-05,0,0,,0.0,0.0,,0,0
slot_s2,2026-06,0,0,,0.0,0.0,,0,0
slot_s3,2025-06,1,1,1.0,32.0,31.486,31.486,-12500,-10200
slot_s3,2025-07,1,0,0.0,-62.75,-63.264,-63.264,0,0
slot_s3,2025-08,2,2,1.0,50.0,48.972,24.486,0,-10200
slot_s3,2025-09,0,0,,0.0,0.0,,0,0
slot_s3,2025-10,0,0,,0.0,0.0,,0,0
slot_s3,2025-11,0,0,,0.0,0.0,,0,0
slot_s3,2025-12,0,0,,0.0,0.0,,0,0
slot_s3,2026-01,0,0,,0.0,0.0,,0,0
slot_s3,2026-02,0,0,,0.0,0.0,,0,0
slot_s3,2026-03,0,0,,0.0,0.0,,0,0
slot_s3,2026-04,1,1,1.0,46.75,46.236,46.236,0,0
slot_s3,2026-05,0,0,,0.0,0.0,,0,0
slot_s3,2026-06,0,0,,0.0,0.0,,0,0
slot_s4,2025-06,1,1,1.0,52.25,51.736,51.736,-12500,-10200
slot_s4,2025-07,1,0,0.0,-15.75,-16.264,-16.264,0,0
slot_s4,2025-08,3,2,0.6666666666666666,71.75,70.208,23.402666666666665,0,0
slot_s4,2025-09,0,0,,0.0,0.0,,0,0
slot_s4,2025-10,0,0,,0.0,0.0,,0,0
slot_s4,2025-11,0,0,,0.0,0.0,,0,0
slot_s4,2025-12,0,0,,0.0,0.0,,0,0
slot_s4,2026-01,0,0,,0.0,0.0,,0,0
slot_s4,2026-02,0,0,,0.0,0.0,,0,0
slot_s4,2026-03,0,0,,0.0,0.0,,0,0
slot_s4,2026-04,0,0,,0.0,0.0,,0,0
slot_s4,2026-05,0,0,,0.0,0.0,,0,0
slot_s4,2026-06,0,0,,0.0,0.0,,0,0
midsession,2025-06,1,1,1.0,24.5,23.986,23.986,-12500,-10200
midsession,2025-07,1,1,1.0,21.25,20.736,20.736,0,0
midsession,2025-08,4,2,0.5,-1.75,-3.8059999999999974,-0.9514999999999993,0,0
midsession,2025-09,0,0,,0.0,0.0,,0,0
midsession,2025-10,0,0,,0.0,0.0,,0,0
midsession,2025-11,0,0,,0.0,0.0,,0,0
midsession,2025-12,0,0,,0.0,0.0,,0,0
midsession,2026-01,0,0,,0.0,0.0,,0,0
midsession,2026-02,0,0,,0.0,0.0,,0,0
midsession,2026-03,0,0,,0.0,0.0,,0,0
midsession,2026-04,1,1,1.0,43.0,42.486,42.486,0,0
midsession,2026-05,0,0,,0.0,0.0,,0,0
midsession,2026-06,0,0,,0.0,0.0,,0,0
negative_s1,2025-06,0,0,,0.0,0.0,,-12500,-10200
negative_s1,2025-07,0,0,,0.0,0.0,,0,0
negative_s1,2025-08,0,0,,0.0,0.0,,0,0
negative_s1,2025-09,0,0,,0.0,0.0,,0,0
negative_s1,2025-10,0,0,,0.0,0.0,,0,0
negative_s1,2025-11,0,0,,0.0,0.0,,0,0
negative_s1,2025-12,0,0,,0.0,0.0,,0,0
negative_s1,2026-01,0,0,,0.0,0.0,,0,0
negative_s1,2026-02,0,0,,0.0,0.0,,0,0
negative_s1,2026-03,0,0,,0.0,0.0,,0,0
negative_s1,2026-04,0,0,,0.0,0.0,,0,0
negative_s1,2026-05,0,0,,0.0,0.0,,0,0
negative_s1,2026-06,0,0,,0.0,0.0,,0,0
positive_mid_gex1,2025-06,1,1,1.0,24.5,23.986,23.986,-12500,-10200
positive_mid_gex1,2025-07,1,1,1.0,21.25,20.736,20.736,0,0
positive_mid_gex1,2025-08,2,1,0.5,-8.0,-9.027999999999999,-4.513999999999999,0,0
positive_mid_gex1,2025-09,0,0,,0.0,0.0,,0,0
positive_mid_gex1,2025-10,0,0,,0.0,0.0,,0,0
positive_mid_gex1,2025-11,0,0,,0.0,0.0,,0,0
positive_mid_gex1,2025-12,0,0,,0.0,0.0,,0,0
positive_mid_gex1,2026-01,0,0,,0.0,0.0,,0,0
positive_mid_gex1,2026-02,0,0,,0.0,0.0,,0,0
positive_mid_gex1,2026-03,0,0,,0.0,0.0,,0,0
positive_mid_gex1,2026-04,1,1,1.0,43.0,42.486,42.486,0,0
positive_mid_gex1,2026-05,0,0,,0.0,0.0,,0,0
positive_mid_gex1,2026-06,0,0,,0.0,0.0,,0,0
ny_only,2025-06,2,2,1.0,55.5,54.472,27.236,-12500,-10200
ny_only,2025-07,1,1,1.0,21.25,20.736,20.736,0,0
ny_only,2025-08,5,2,0.4,-15.0,-17.569999999999997,-3.5139999999999993,0,0
ny_only,2025-09,0,0,,0.0,0.0,,0,0
ny_only,2025-10,0,0,,0.0,0.0,,0,0
ny_only,2025-11,0,0,,0.0,0.0,,0,0
ny_only,2025-12,0,0,,0.0,0.0,,0,0
ny_only,2026-01,0,0,,0.0,0.0,,0,0
ny_only,2026-02,0,0,,0.0,0.0,,0,0
ny_only,2026-03,0,0,,0.0,0.0,,0,0
ny_only,2026-04,2,2,1.0,69.5,68.472,34.236,0,0
ny_only,2026-05,0,0,,0.0,0.0,,0,0
ny_only,2026-06,0,0,,0.0,0.0,,0,0
