configuration,trading_day,selected_instrument_id,trades,wins,win_rate,gross_points,net_points,expectancy_points,cash_events,cash_events.myfundedfutures,cash_events.takeprofittrader,net_cash_by_cash_event_day_cents.myfundedfutures,net_cash_by_cash_event_day_cents.takeprofittrader
baseline,2025-06-16,42008487,0,0,,0.0,0.0,,0,0,0,0,0
baseline,2025-09-15,158704,0,0,,0.0,0.0,,0,0,0,0,0
baseline,2025-12-15,42002475,0,0,,0.0,0.0,,0,0,0,0,0
baseline,2026-03-16,42004058,0,0,,0.0,0.0,,0,0,0,0,0
context_on,2025-06-16,42008487,0,0,,0.0,0.0,,0,0,0,0,0
context_on,2025-09-15,158704,0,0,,0.0,0.0,,0,0,0,0,0
context_on,2025-12-15,42002475,0,0,,0.0,0.0,,0,0,0,0,0
context_on,2026-03-16,42004058,0,0,,0.0,0.0,,0,0,0,0,0
regime_positive,2025-06-16,42008487,0,0,,0.0,0.0,,0,0,0,0,0
regime_positive,2025-09-15,158704,0,0,,0.0,0.0,,0,0,0,0,0
regime_positive,2025-12-15,42002475,0,0,,0.0,0.0,,0,0,0,0,0
regime_positive,2026-03-16,42004058,0,0,,0.0,0.0,,0,0,0,0,0
regime_negative,2025-06-16,42008487,0,0,,0.0,0.0,,0,0,0,0,0
regime_negative,2025-09-15,158704,0,0,,0.0,0.0,,0,0,0,0,0
regime_negative,2025-12-15,42002475,0,0,,0.0,0.0,,0,0,0,0,0
regime_negative,2026-03-16,42004058,0,0,,0.0,0.0,,0,0,0,0,0
gex1_block,2025-06-16,42008487,0,0,,0.0,0.0,,0,0,0,0,0
gex1_block,2025-09-15,158704,0,0,,0.0,0.0,,0,0,0,0,0
gex1_block,2025-12-15,42002475,0,0,,0.0,0.0,,0,0,0,0,0
gex1_block,2026-03-16,42004058,0,0,,0.0,0.0,,0,0,0,0,0
slot_s1,2025-06-16,42008487,0,0,,0.0,0.0,,0,0,0,0,0
slot_s1,2025-09-15,158704,0,0,,0.0,0.0,,0,0,0,0,0
slot_s1,2025-12-15,42002475,0,0,,0.0,0.0,,0,0,0,0,0
slot_s1,2026-03-16,42004058,0,0,,0.0,0.0,,0,0,0,0,0
slot_s2,2025-06-16,42008487,0,0,,0.0,0.0,,0,0,0,0,0
slot_s2,2025-09-15,158704,0,0,,0.0,0.0,,0,0,0,0,0
slot_s2,2025-12-15,42002475,0,0,,0.0,0.0,,0,0,0,0,0
slot_s2,2026-03-16,42004058,0,0,,0.0,0.0,,0,0,0,0,0
slot_s3,2025-06-16,42008487,0,0,,0.0,0.0,,0,0,0,0,0
slot_s3,2025-09-15,158704,0,0,,0.0,0.0,,0,0,0,0,0
slot_s3,2025-12-15,42002475,0,0,,0.0,0.0,,0,0,0,0,0
slot_s3,2026-03-16,42004058,0,0,,0.0,0.0,,0,0,0,0,0
slot_s4,2025-06-16,42008487,0,0,,0.0,0.0,,0,0,0,0,0
slot_s4,2025-09-15,158704,0,0,,0.0,0.0,,0,0,0,0,0
slot_s4,2025-12-15,42002475,0,0,,0.0,0.0,,0,0,0,0,0
slot_s4,2026-03-16,42004058,0,0,,0.0,0.0,,0,0,0,0,0
midsession,2025-06-16,42008487,0,0,,0.0,0.0,,0,0,0,0,0
midsession,2025-09-15,158704,0,0,,0.0,0.0,,0,0,0,0,0
midsession,2025-12-15,42002475,0,0,,0.0,0.0,,0,0,0,0,0
midsession,2026-03-16,42004058,0,0,,0.0,0.0,,0,0,0,0,0
negative_s1,2025-06-16,42008487,0,0,,0.0,0.0,,0,0,0,0,0
negative_s1,2025-09-15,158704,0,0,,0.0,0.0,,0,0,0,0,0
negative_s1,2025-12-15,42002475,0,0,,0.0,0.0,,0,0,0,0,0
negative_s1,2026-03-16,42004058,0,0,,0.0,0.0,,0,0,0,0,0
positive_mid_gex1,2025-06-16,42008487,0,0,,0.0,0.0,,0,0,0,0,0
positive_mid_gex1,2025-09-15,158704,0,0,,0.0,0.0,,0,0,0,0,0
positive_mid_gex1,2025-12-15,42002475,0,0,,0.0,0.0,,0,0,0,0,0
positive_mid_gex1,2026-03-16,42004058,0,0,,0.0,0.0,,0,0,0,0,0
ny_only,2025-06-16,42008487,0,0,,0.0,0.0,,0,0,0,0,0
ny_only,2025-09-15,158704,0,0,,0.0,0.0,,0,0,0,0,0
ny_only,2025-12-15,42002475,0,0,,0.0,0.0,,0,0,0,0,0
ny_only,2026-03-16,42004058,0,0,,0.0,0.0,,0,0,0,0,0
