entry_session,regime,slot_chicago,count
asia,positive,outside_cash,2
asia,positive,s4_1330_1510,2
asia,unknown,outside_cash,77
asia,unknown,s4_1330_1510,1
london,unknown,outside_cash,46
none,negative,outside_cash,2
none,positive,outside_cash,4
none,positive,s3_1200_1330,2
none,positive,s4_1330_1510,17
none,unknown,outside_cash,2
none,unknown,s4_1330_1510,6
ny,negative,outside_cash,3
ny,positive,outside_cash,12
ny,positive,s1_0830_1000,3
ny,positive,s2_1000_1200,10
ny,positive,s3_1200_1330,10
ny,unknown,s2_1000_1200,2
