entry_session,regime,slot_chicago,trades,wins,win_rate,gross_points,net_points,expectancy_points
asia,positive,s4_1330_1510,1,1,1.0,7.0,6.486,6.486
asia,unknown,outside_cash,12,6,0.5,9.25,3.081999999999997,0.2568333333333331
asia,unknown,s4_1330_1510,1,0,0.0,-15.5,-16.014,-16.014
london,unknown,outside_cash,5,2,0.4,-45.25,-47.81999999999999,-9.563999999999998
ny,negative,outside_cash,1,0,0.0,-19.0,-19.514,-19.514
ny,positive,outside_cash,2,1,0.5,-10.5,-11.528000000000002,-5.764000000000001
ny,positive,s2_1000_1200,3,2,0.6666666666666666,34.0,32.458,10.819333333333333
ny,positive,s3_1200_1330,1,1,1.0,22.25,21.736,21.736
ny,unknown,s2_1000_1200,1,1,1.0,24.5,23.986,23.986
