# {"archival": false, "enable_shorts": false, "formula_version": "menthorq_eod_v1", "run_identity": {"core_commit": "b062bfcf5a5209440a4b4c9d7c0ca2263f9f4cc2", "core_source_tree_hash": "517e65f4a7e097287ebd31925b326e50f972e8f7c982bcdcf1eea69da222725c", "evaluation_config_hash": "b42fc6b61436a102a5b80c2c0c5a060c1650679ee06904c1b0f1de9b593780eb", "phase": "smoke_context_on", "physical_chain_dates": ["2026-01-01", "2026-01-02", "2026-01-04", "2026-01-05", "2026-01-06", "2026-01-07", "2026-01-08", "2026-01-09", "2026-01-11", "2026-01-12", "2026-01-13", "2026-01-14", "2026-01-15", "2026-01-16", "2026-01-18", "2026-01-19", "2026-01-20", "2026-01-21", "2026-01-22", "2026-01-23", "2026-01-25", "2026-01-26", "2026-01-27", "2026-01-28", "2026-01-29", "2026-01-30", "2026-02-01", "2026-02-02", "2026-02-03", "2026-02-04", "2026-02-05", "2026-02-06", "2026-02-08", "2026-02-09", "2026-02-10", "2026-02-11", "2026-02-12", "2026-02-13", "2026-02-15", "2026-02-16", "2026-02-17", "2026-02-18", "2026-02-19", "2026-02-20", "2026-02-22", "2026-02-23"], "profile_hash": "bffe014e58cf06bcb7cb6e351ebd7c7d336e9e0d8b50b2368a51b2658ff20971"}, "schema_version": 1, "source_file_sha256": {"daily_total_dealer_gamma_and_regime.csv": "afb8e9bae8c9ae5a6200cb49e3862d222551e168962ac402fefff6ee15c9821d", "eod_gamma_levels_daily_wide.csv": "aeb8bad860db92863af8c5db289eb426dcf765061783264e1a527cd39dac9553"}}
candidate_id,decision_id,trade_id,availability_ts_utc,entry_price_points,tick_size,trading_date,source_eod_date,source_file_sha256,levels,regime,total_net_gex,gex_percentile_1y,implied_move_points,selected_instrument_id,roll_flag,context_available,unavailable_reason,slot_chicago,hvl_side,nearest_above_names,nearest_above_points,nearest_above_distance_points,nearest_above_distance_implied,nearest_below_names,nearest_below_points,nearest_below_distance_points,nearest_below_distance_implied,nearest_support_is_gex1,opening_move_signed,opening_move_abs,regime_gate_blocked,nearest_support_gate_blocked,gate_status,entry_session
a876664c-4746-5ff7-aaf1-a3bd0cca43d9,,,2026-01-07T09:59:00+00:00,25753.5,0.25,2026-01-07,,aeb8bad860db92863af8c5db289eb426dcf765061783264e1a527cd39dac9553,"{""Call Resistance"": null, ""Put Support"": null, ""HVL"": null, ""1D Min"": null, ""1D Max"": null, ""Call Resistance 0DTE"": null, ""Put Support 0DTE"": null, ""HVL 0DTE"": null, ""Gamma Wall 0DTE"": null, ""GEX 1"": null, ""GEX 2"": null, ""GEX 3"": null, ""GEX 4"": null, ""GEX 5"": null, ""GEX 6"": null, ""GEX 7"": null, ""GEX 8"": null, ""GEX 9"": null, ""GEX 10"": null}",unknown,,,,,,False,before_0600,outside_cash,,,,,,,,,,,,,,,not_applicable_outside_hours,london
3b7af2bc-3122-546f-93fd-2906b538b9ab,e13ba381-b653-547f-9121-506b09a34c04,05d110b1-bfe3-5de5-932e-0a58b48f835b,2026-01-07T10:06:00+00:00,25757.25,0.25,2026-01-07,,aeb8bad860db92863af8c5db289eb426dcf765061783264e1a527cd39dac9553,"{""Call Resistance"": null, ""Put Support"": null, ""HVL"": null, ""1D Min"": null, ""1D Max"": null, ""Call Resistance 0DTE"": null, ""Put Support 0DTE"": null, ""HVL 0DTE"": null, ""Gamma Wall 0DTE"": null, ""GEX 1"": null, ""GEX 2"": null, ""GEX 3"": null, ""GEX 4"": null, ""GEX 5"": null, ""GEX 6"": null, ""GEX 7"": null, ""GEX 8"": null, ""GEX 9"": null, ""GEX 10"": null}",unknown,,,,,,False,before_0600,outside_cash,,,,,,,,,,,,,,,not_applicable_outside_hours,london
e134b08c-780e-56ca-9dba-9c23eb870de3,,,2026-01-07T10:15:00+00:00,25758.75,0.25,2026-01-07,,aeb8bad860db92863af8c5db289eb426dcf765061783264e1a527cd39dac9553,"{""Call Resistance"": null, ""Put Support"": null, ""HVL"": null, ""1D Min"": null, ""1D Max"": null, ""Call Resistance 0DTE"": null, ""Put Support 0DTE"": null, ""HVL 0DTE"": null, ""Gamma Wall 0DTE"": null, ""GEX 1"": null, ""GEX 2"": null, ""GEX 3"": null, ""GEX 4"": null, ""GEX 5"": null, ""GEX 6"": null, ""GEX 7"": null, ""GEX 8"": null, ""GEX 9"": null, ""GEX 10"": null}",unknown,,,,,,False,before_0600,outside_cash,,,,,,,,,,,,,,,not_applicable_outside_hours,london
efe267f0-8478-5b57-8934-5c0d40b257cb,7dca9d7c-9ecb-5580-8ce2-d9679663ec28,c182eb7f-3543-5b04-8705-657c45ca0df5,2026-01-08T10:52:00+00:00,25758.75,0.25,2026-01-08,,aeb8bad860db92863af8c5db289eb426dcf765061783264e1a527cd39dac9553,"{""Call Resistance"": null, ""Put Support"": null, ""HVL"": null, ""1D Min"": null, ""1D Max"": null, ""Call Resistance 0DTE"": null, ""Put Support 0DTE"": null, ""HVL 0DTE"": null, ""Gamma Wall 0DTE"": null, ""GEX 1"": null, ""GEX 2"": null, ""GEX 3"": null, ""GEX 4"": null, ""GEX 5"": null, ""GEX 6"": null, ""GEX 7"": null, ""GEX 8"": null, ""GEX 9"": null, ""GEX 10"": null}",unknown,,,,,,False,before_0600,outside_cash,,,,,,,,,,,,,,,not_applicable_outside_hours,london
9e855818-36f6-5402-af08-92b2f29652ab,,,2026-01-08T10:52:00+00:00,25758.75,0.25,2026-01-08,,aeb8bad860db92863af8c5db289eb426dcf765061783264e1a527cd39dac9553,"{""Call Resistance"": null, ""Put Support"": null, ""HVL"": null, ""1D Min"": null, ""1D Max"": null, ""Call Resistance 0DTE"": null, ""Put Support 0DTE"": null, ""HVL 0DTE"": null, ""Gamma Wall 0DTE"": null, ""GEX 1"": null, ""GEX 2"": null, ""GEX 3"": null, ""GEX 4"": null, ""GEX 5"": null, ""GEX 6"": null, ""GEX 7"": null, ""GEX 8"": null, ""GEX 9"": null, ""GEX 10"": null}",unknown,,,,,,False,before_0600,outside_cash,,,,,,,,,,,,,,,not_applicable_outside_hours,london
3914bae8-cba9-55f5-8a88-6e9c8f5b8e1b,1175ce8b-e8da-5a1a-b52b-93af2c8eb97e,02ae1b51-d304-573c-a0d3-7535256945ee,2026-01-09T13:08:00+00:00,25744.0,0.25,2026-01-09,2026-01-08,aeb8bad860db92863af8c5db289eb426dcf765061783264e1a527cd39dac9553,"{""Call Resistance"": 25900.0, ""Put Support"": 24500.0, ""HVL"": 25690.0, ""1D Min"": 25421.57, ""1D Max"": 26002.43, ""Call Resistance 0DTE"": 25900.0, ""Put Support 0DTE"": 25600.0, ""HVL 0DTE"": 25700.0, ""Gamma Wall 0DTE"": 25900.0, ""GEX 1"": 26000.0, ""GEX 2"": 25800.0, ""GEX 3"": 25500.0, ""GEX 4"": 25920.0, ""GEX 5"": 25425.0, ""GEX 6"": 26200.0, ""GEX 7"": 26250.0, ""GEX 8"": 25250.0, ""GEX 9"": 26100.0, ""GEX 10"": 25300.0}",positive,773956.3524888358,0.3563218390804598,290.4300000000003,,,True,,outside_cash,above,GEX 2,25800.0,56.0,0.1928175463967219,HVL 0DTE,25700.0,44.0,0.1514995007402815,False,0.17732327927555674,0.17732327927555674,False,False,evaluated,ny
312dcca3-4548-5712-ae02-e9d19fe543b6,,,2026-01-09T13:09:00+00:00,25746.0,0.25,2026-01-09,2026-01-08,aeb8bad860db92863af8c5db289eb426dcf765061783264e1a527cd39dac9553,"{""Call Resistance"": 25900.0, ""Put Support"": 24500.0, ""HVL"": 25690.0, ""1D Min"": 25421.57, ""1D Max"": 26002.43, ""Call Resistance 0DTE"": 25900.0, ""Put Support 0DTE"": 25600.0, ""HVL 0DTE"": 25700.0, ""Gamma Wall 0DTE"": 25900.0, ""GEX 1"": 26000.0, ""GEX 2"": 25800.0, ""GEX 3"": 25500.0, ""GEX 4"": 25920.0, ""GEX 5"": 25425.0, ""GEX 6"": 26200.0, ""GEX 7"": 26250.0, ""GEX 8"": 25250.0, ""GEX 9"": 26100.0, ""GEX 10"": 25300.0}",positive,773956.3524888358,0.3563218390804598,290.4300000000003,,,True,,outside_cash,above,GEX 2,25800.0,54.0,0.18593120545398184,HVL 0DTE,25700.0,46.0,0.15838584168302156,False,0.17904486451124177,0.17904486451124177,False,False,evaluated,ny
e7a8a273-58f3-543c-9fef-2a1c050352af,,,2026-01-13T03:00:00+00:00,25878.25,0.25,2026-01-12,,aeb8bad860db92863af8c5db289eb426dcf765061783264e1a527cd39dac9553,"{""Call Resistance"": null, ""Put Support"": null, ""HVL"": null, ""1D Min"": null, ""1D Max"": null, ""Call Resistance 0DTE"": null, ""Put Support 0DTE"": null, ""HVL 0DTE"": null, ""Gamma Wall 0DTE"": null, ""GEX 1"": null, ""GEX 2"": null, ""GEX 3"": null, ""GEX 4"": null, ""GEX 5"": null, ""GEX 6"": null, ""GEX 7"": null, ""GEX 8"": null, ""GEX 9"": null, ""GEX 10"": null}",unknown,,,,,,False,after_1700,outside_cash,,,,,,,,,,,,,,,not_applicable_outside_hours,asia
05f8a0f8-83fa-5152-96ea-353d5b0c9e62,ffc89523-f6c2-5ac0-a91a-b1597bc5d047,ba0a4425-5c3d-52a2-968f-ef0d3cb04438,2026-01-13T04:31:00+00:00,25883.75,0.25,2026-01-12,,aeb8bad860db92863af8c5db289eb426dcf765061783264e1a527cd39dac9553,"{""Call Resistance"": null, ""Put Support"": null, ""HVL"": null, ""1D Min"": null, ""1D Max"": null, ""Call Resistance 0DTE"": null, ""Put Support 0DTE"": null, ""HVL 0DTE"": null, ""Gamma Wall 0DTE"": null, ""GEX 1"": null, ""GEX 2"": null, ""GEX 3"": null, ""GEX 4"": null, ""GEX 5"": null, ""GEX 6"": null, ""GEX 7"": null, ""GEX 8"": null, ""GEX 9"": null, ""GEX 10"": null}",unknown,,,,,,False,after_1700,outside_cash,,,,,,,,,,,,,,,not_applicable_outside_hours,asia
cde2a862-de2e-5320-9b01-ea2bafc83cfc,,,2026-01-13T04:31:00+00:00,25883.75,0.25,2026-01-12,,aeb8bad860db92863af8c5db289eb426dcf765061783264e1a527cd39dac9553,"{""Call Resistance"": null, ""Put Support"": null, ""HVL"": null, ""1D Min"": null, ""1D Max"": null, ""Call Resistance 0DTE"": null, ""Put Support 0DTE"": null, ""HVL 0DTE"": null, ""Gamma Wall 0DTE"": null, ""GEX 1"": null, ""GEX 2"": null, ""GEX 3"": null, ""GEX 4"": null, ""GEX 5"": null, ""GEX 6"": null, ""GEX 7"": null, ""GEX 8"": null, ""GEX 9"": null, ""GEX 10"": null}",unknown,,,,,,False,after_1700,outside_cash,,,,,,,,,,,,,,,not_applicable_outside_hours,asia
85cf51a0-6880-5346-9535-573c623fb3aa,,,2026-01-13T04:36:00+00:00,25883.5,0.25,2026-01-12,,aeb8bad860db92863af8c5db289eb426dcf765061783264e1a527cd39dac9553,"{""Call Resistance"": null, ""Put Support"": null, ""HVL"": null, ""1D Min"": null, ""1D Max"": null, ""Call Resistance 0DTE"": null, ""Put Support 0DTE"": null, ""HVL 0DTE"": null, ""Gamma Wall 0DTE"": null, ""GEX 1"": null, ""GEX 2"": null, ""GEX 3"": null, ""GEX 4"": null, ""GEX 5"": null, ""GEX 6"": null, ""GEX 7"": null, ""GEX 8"": null, ""GEX 9"": null, ""GEX 10"": null}",unknown,,,,,,False,after_1700,outside_cash,,,,,,,,,,,,,,,not_applicable_outside_hours,asia
c4b414e0-8e81-579e-8eb4-5ec5005c8efa,,,2026-01-13T09:34:00+00:00,25925.5,0.25,2026-01-13,,aeb8bad860db92863af8c5db289eb426dcf765061783264e1a527cd39dac9553,"{""Call Resistance"": null, ""Put Support"": null, ""HVL"": null, ""1D Min"": null, ""1D Max"": null, ""Call Resistance 0DTE"": null, ""Put Support 0DTE"": null, ""HVL 0DTE"": null, ""Gamma Wall 0DTE"": null, ""GEX 1"": null, ""GEX 2"": null, ""GEX 3"": null, ""GEX 4"": null, ""GEX 5"": null, ""GEX 6"": null, ""GEX 7"": null, ""GEX 8"": null, ""GEX 9"": null, ""GEX 10"": null}",unknown,,,,,,False,before_0600,outside_cash,,,,,,,,,,,,,,,not_applicable_outside_hours,london
bca99eed-b0e8-54d3-8ba1-854a2ba16fe2,eb4dd89b-4314-56ab-ac6a-fa20b7ca5212,2e466501-ce19-5234-ab45-9c85df142148,2026-01-13T23:02:00+00:00,25904.25,0.25,2026-01-13,,aeb8bad860db92863af8c5db289eb426dcf765061783264e1a527cd39dac9553,"{""Call Resistance"": null, ""Put Support"": null, ""HVL"": null, ""1D Min"": null, ""1D Max"": null, ""Call Resistance 0DTE"": null, ""Put Support 0DTE"": null, ""HVL 0DTE"": null, ""Gamma Wall 0DTE"": null, ""GEX 1"": null, ""GEX 2"": null, ""GEX 3"": null, ""GEX 4"": null, ""GEX 5"": null, ""GEX 6"": null, ""GEX 7"": null, ""GEX 8"": null, ""GEX 9"": null, ""GEX 10"": null}",unknown,,,,,,False,after_1700,outside_cash,,,,,,,,,,,,,,,not_applicable_outside_hours,asia
991ce281-3f58-54a1-9d86-b495f0dcef50,,,2026-01-13T23:02:00+00:00,25904.25,0.25,2026-01-13,,aeb8bad860db92863af8c5db289eb426dcf765061783264e1a527cd39dac9553,"{""Call Resistance"": null, ""Put Support"": null, ""HVL"": null, ""1D Min"": null, ""1D Max"": null, ""Call Resistance 0DTE"": null, ""Put Support 0DTE"": null, ""HVL 0DTE"": null, ""Gamma Wall 0DTE"": null, ""GEX 1"": null, ""GEX 2"": null, ""GEX 3"": null, ""GEX 4"": null, ""GEX 5"": null, ""GEX 6"": null, ""GEX 7"": null, ""GEX 8"": null, ""GEX 9"": null, ""GEX 10"": null}",unknown,,,,,,False,after_1700,outside_cash,,,,,,,,,,,,,,,not_applicable_outside_hours,asia
2432f8a6-70cb-5a99-ba6e-f4fea896571d,,,2026-01-13T23:07:00+00:00,25910.25,0.25,2026-01-13,,aeb8bad860db92863af8c5db289eb426dcf765061783264e1a527cd39dac9553,"{""Call Resistance"": null, ""Put Support"": null, ""HVL"": null, ""1D Min"": null, ""1D Max"": null, ""Call Resistance 0DTE"": null, ""Put Support 0DTE"": null, ""HVL 0DTE"": null, ""Gamma Wall 0DTE"": null, ""GEX 1"": null, ""GEX 2"": null, ""GEX 3"": null, ""GEX 4"": null, ""GEX 5"": null, ""GEX 6"": null, ""GEX 7"": null, ""GEX 8"": null, ""GEX 9"": null, ""GEX 10"": null}",unknown,,,,,,False,after_1700,outside_cash,,,,,,,,,,,,,,,not_applicable_outside_hours,asia
3f746410-9080-5e78-a28d-b61db051fad8,,,2026-01-15T08:54:00+00:00,25725.75,0.25,2026-01-15,,aeb8bad860db92863af8c5db289eb426dcf765061783264e1a527cd39dac9553,"{""Call Resistance"": null, ""Put Support"": null, ""HVL"": null, ""1D Min"": null, ""1D Max"": null, ""Call Resistance 0DTE"": null, ""Put Support 0DTE"": null, ""HVL 0DTE"": null, ""Gamma Wall 0DTE"": null, ""GEX 1"": null, ""GEX 2"": null, ""GEX 3"": null, ""GEX 4"": null, ""GEX 5"": null, ""GEX 6"": null, ""GEX 7"": null, ""GEX 8"": null, ""GEX 9"": null, ""GEX 10"": null}",unknown,,,,,,False,before_0600,outside_cash,,,,,,,,,,,,,,,not_applicable_outside_hours,london
d296a346-d336-5d14-8f12-889eb0d5f70d,345f62ca-7cf2-5799-9fea-f41f27841c06,e3e75050-4095-5732-bac8-44ca804fa087,2026-01-15T08:57:00+00:00,25737.25,0.25,2026-01-15,,aeb8bad860db92863af8c5db289eb426dcf765061783264e1a527cd39dac9553,"{""Call Resistance"": null, ""Put Support"": null, ""HVL"": null, ""1D Min"": null, ""1D Max"": null, ""Call Resistance 0DTE"": null, ""Put Support 0DTE"": null, ""HVL 0DTE"": null, ""Gamma Wall 0DTE"": null, ""GEX 1"": null, ""GEX 2"": null, ""GEX 3"": null, ""GEX 4"": null, ""GEX 5"": null, ""GEX 6"": null, ""GEX 7"": null, ""GEX 8"": null, ""GEX 9"": null, ""GEX 10"": null}",unknown,,,,,,False,before_0600,outside_cash,,,,,,,,,,,,,,,not_applicable_outside_hours,london
2ca7b494-2ff1-5875-b020-02654be83294,,,2026-01-15T08:58:00+00:00,25739.0,0.25,2026-01-15,,aeb8bad860db92863af8c5db289eb426dcf765061783264e1a527cd39dac9553,"{""Call Resistance"": null, ""Put Support"": null, ""HVL"": null, ""1D Min"": null, ""1D Max"": null, ""Call Resistance 0DTE"": null, ""Put Support 0DTE"": null, ""HVL 0DTE"": null, ""Gamma Wall 0DTE"": null, ""GEX 1"": null, ""GEX 2"": null, ""GEX 3"": null, ""GEX 4"": null, ""GEX 5"": null, ""GEX 6"": null, ""GEX 7"": null, ""GEX 8"": null, ""GEX 9"": null, ""GEX 10"": null}",unknown,,,,,,False,before_0600,outside_cash,,,,,,,,,,,,,,,not_applicable_outside_hours,london
57575238-03a5-596d-912e-27a336fca7a7,,,2026-01-15T09:05:00+00:00,25746.75,0.25,2026-01-15,,aeb8bad860db92863af8c5db289eb426dcf765061783264e1a527cd39dac9553,"{""Call Resistance"": null, ""Put Support"": null, ""HVL"": null, ""1D Min"": null, ""1D Max"": null, ""Call Resistance 0DTE"": null, ""Put Support 0DTE"": null, ""HVL 0DTE"": null, ""Gamma Wall 0DTE"": null, ""GEX 1"": null, ""GEX 2"": null, ""GEX 3"": null, ""GEX 4"": null, ""GEX 5"": null, ""GEX 6"": null, ""GEX 7"": null, ""GEX 8"": null, ""GEX 9"": null, ""GEX 10"": null}",unknown,,,,,,False,before_0600,outside_cash,,,,,,,,,,,,,,,not_applicable_outside_hours,london
3fd7985d-d4e4-5fc9-9f58-8a99b7d6e389,,,2026-01-21T19:00:00+00:00,25283.25,0.25,2026-01-21,2026-01-20,aeb8bad860db92863af8c5db289eb426dcf765061783264e1a527cd39dac9553,"{""Call Resistance"": 25400.0, ""Put Support"": 25000.0, ""HVL"": 25275.0, ""1D Min"": 24817.12, ""1D Max"": 25468.38, ""Call Resistance 0DTE"": 25300.0, ""Put Support 0DTE"": 25100.0, ""HVL 0DTE"": 25200.0, ""Gamma Wall 0DTE"": 25300.0, ""GEX 1"": 24900.0, ""GEX 2"": 25250.0, ""GEX 3"": 24950.0, ""GEX 4"": 25150.0, ""GEX 5"": 25325.0, ""GEX 6"": 24500.0, ""GEX 7"": 24750.0, ""GEX 8"": 24800.0, ""GEX 9"": 25500.0, ""GEX 10"": 24600.0}",negative,-3053538.878774997,0.02681992337164751,325.630000000001,,,True,,s3_1200_1330,above,Call Resistance 0DTE|Gamma Wall 0DTE,25300.0,16.75,0.0514387495009672,HVL,25275.0,8.25,0.025335503485551008,False,0.42840033166477154,0.42840033166477154,False,False,evaluated,none
ce72af61-13c3-5494-97a3-7de15cfddcd4,,,2026-01-21T19:04:00+00:00,25268.0,0.25,2026-01-21,2026-01-20,aeb8bad860db92863af8c5db289eb426dcf765061783264e1a527cd39dac9553,"{""Call Resistance"": 25400.0, ""Put Support"": 25000.0, ""HVL"": 25275.0, ""1D Min"": 24817.12, ""1D Max"": 25468.38, ""Call Resistance 0DTE"": 25300.0, ""Put Support 0DTE"": 25100.0, ""HVL 0DTE"": 25200.0, ""Gamma Wall 0DTE"": 25300.0, ""GEX 1"": 24900.0, ""GEX 2"": 25250.0, ""GEX 3"": 24950.0, ""GEX 4"": 25150.0, ""GEX 5"": 25325.0, ""GEX 6"": 24500.0, ""GEX 7"": 24750.0, ""GEX 8"": 24800.0, ""GEX 9"": 25500.0, ""GEX 10"": 24600.0}",negative,-3053538.878774997,0.02681992337164751,325.630000000001,,,True,,s3_1200_1330,below,HVL,25275.0,7.0,0.021496790836225098,GEX 2,25250.0,18.0,0.055277462150293104,False,0.43147130178423226,0.43147130178423226,False,False,evaluated,none
f7534801-e7ad-57cf-a8ed-cefb2c5eda42,2a93c1e2-0b55-5cd3-9c1f-ce8c14967147,5f4d64f6-e09d-545d-828c-cae5593216e2,2026-02-01T23:15:00+00:00,25442.0,0.25,2026-02-01,,aeb8bad860db92863af8c5db289eb426dcf765061783264e1a527cd39dac9553,"{""Call Resistance"": null, ""Put Support"": null, ""HVL"": null, ""1D Min"": null, ""1D Max"": null, ""Call Resistance 0DTE"": null, ""Put Support 0DTE"": null, ""HVL 0DTE"": null, ""Gamma Wall 0DTE"": null, ""GEX 1"": null, ""GEX 2"": null, ""GEX 3"": null, ""GEX 4"": null, ""GEX 5"": null, ""GEX 6"": null, ""GEX 7"": null, ""GEX 8"": null, ""GEX 9"": null, ""GEX 10"": null}",unknown,,,,,,False,after_1700,outside_cash,,,,,,,,,,,,,,,not_applicable_outside_hours,asia
045400f4-c638-53bf-90a0-9635970ba328,,,2026-02-01T23:15:00+00:00,25442.0,0.25,2026-02-01,,aeb8bad860db92863af8c5db289eb426dcf765061783264e1a527cd39dac9553,"{""Call Resistance"": null, ""Put Support"": null, ""HVL"": null, ""1D Min"": null, ""1D Max"": null, ""Call Resistance 0DTE"": null, ""Put Support 0DTE"": null, ""HVL 0DTE"": null, ""Gamma Wall 0DTE"": null, ""GEX 1"": null, ""GEX 2"": null, ""GEX 3"": null, ""GEX 4"": null, ""GEX 5"": null, ""GEX 6"": null, ""GEX 7"": null, ""GEX 8"": null, ""GEX 9"": null, ""GEX 10"": null}",unknown,,,,,,False,after_1700,outside_cash,,,,,,,,,,,,,,,not_applicable_outside_hours,asia
7693f996-3881-5b58-bf5f-593fddf96c65,,,2026-02-01T23:33:00+00:00,25480.0,0.25,2026-02-01,,aeb8bad860db92863af8c5db289eb426dcf765061783264e1a527cd39dac9553,"{""Call Resistance"": null, ""Put Support"": null, ""HVL"": null, ""1D Min"": null, ""1D Max"": null, ""Call Resistance 0DTE"": null, ""Put Support 0DTE"": null, ""HVL 0DTE"": null, ""Gamma Wall 0DTE"": null, ""GEX 1"": null, ""GEX 2"": null, ""GEX 3"": null, ""GEX 4"": null, ""GEX 5"": null, ""GEX 6"": null, ""GEX 7"": null, ""GEX 8"": null, ""GEX 9"": null, ""GEX 10"": null}",unknown,,,,,,False,after_1700,outside_cash,,,,,,,,,,,,,,,not_applicable_outside_hours,asia
82c918a9-e76a-5fc5-b11a-c5acace16f55,,,2026-02-01T23:35:00+00:00,25489.5,0.25,2026-02-01,,aeb8bad860db92863af8c5db289eb426dcf765061783264e1a527cd39dac9553,"{""Call Resistance"": null, ""Put Support"": null, ""HVL"": null, ""1D Min"": null, ""1D Max"": null, ""Call Resistance 0DTE"": null, ""Put Support 0DTE"": null, ""HVL 0DTE"": null, ""Gamma Wall 0DTE"": null, ""GEX 1"": null, ""GEX 2"": null, ""GEX 3"": null, ""GEX 4"": null, ""GEX 5"": null, ""GEX 6"": null, ""GEX 7"": null, ""GEX 8"": null, ""GEX 9"": null, ""GEX 10"": null}",unknown,,,,,,False,after_1700,outside_cash,,,,,,,,,,,,,,,not_applicable_outside_hours,asia
d9533d11-6a5d-5768-80d4-d813ed4d6825,,,2026-02-03T23:27:00+00:00,25411.25,0.25,2026-02-03,,aeb8bad860db92863af8c5db289eb426dcf765061783264e1a527cd39dac9553,"{""Call Resistance"": null, ""Put Support"": null, ""HVL"": null, ""1D Min"": null, ""1D Max"": null, ""Call Resistance 0DTE"": null, ""Put Support 0DTE"": null, ""HVL 0DTE"": null, ""Gamma Wall 0DTE"": null, ""GEX 1"": null, ""GEX 2"": null, ""GEX 3"": null, ""GEX 4"": null, ""GEX 5"": null, ""GEX 6"": null, ""GEX 7"": null, ""GEX 8"": null, ""GEX 9"": null, ""GEX 10"": null}",unknown,,,,,,False,after_1700,outside_cash,,,,,,,,,,,,,,,not_applicable_outside_hours,asia
46aebc31-75ab-5b21-aab6-c1f8d06748ba,431a74ba-1e0c-5930-89cb-56b4b3a334ba,e3f4b32c-fbe9-5dfd-bafb-ec075e6974f4,2026-02-04T01:58:00+00:00,25436.25,0.25,2026-02-03,,aeb8bad860db92863af8c5db289eb426dcf765061783264e1a527cd39dac9553,"{""Call Resistance"": null, ""Put Support"": null, ""HVL"": null, ""1D Min"": null, ""1D Max"": null, ""Call Resistance 0DTE"": null, ""Put Support 0DTE"": null, ""HVL 0DTE"": null, ""Gamma Wall 0DTE"": null, ""GEX 1"": null, ""GEX 2"": null, ""GEX 3"": null, ""GEX 4"": null, ""GEX 5"": null, ""GEX 6"": null, ""GEX 7"": null, ""GEX 8"": null, ""GEX 9"": null, ""GEX 10"": null}",unknown,,,,,,False,after_1700,outside_cash,,,,,,,,,,,,,,,not_applicable_outside_hours,asia
ca1276c9-dd65-5734-bed5-7194c288231a,,,2026-02-04T01:59:00+00:00,25440.0,0.25,2026-02-03,,aeb8bad860db92863af8c5db289eb426dcf765061783264e1a527cd39dac9553,"{""Call Resistance"": null, ""Put Support"": null, ""HVL"": null, ""1D Min"": null, ""1D Max"": null, ""Call Resistance 0DTE"": null, ""Put Support 0DTE"": null, ""HVL 0DTE"": null, ""Gamma Wall 0DTE"": null, ""GEX 1"": null, ""GEX 2"": null, ""GEX 3"": null, ""GEX 4"": null, ""GEX 5"": null, ""GEX 6"": null, ""GEX 7"": null, ""GEX 8"": null, ""GEX 9"": null, ""GEX 10"": null}",unknown,,,,,,False,after_1700,outside_cash,,,,,,,,,,,,,,,not_applicable_outside_hours,asia
ee0c58f3-e5ce-52ae-99c6-344024072794,,,2026-02-04T02:02:00+00:00,25455.0,0.25,2026-02-03,,aeb8bad860db92863af8c5db289eb426dcf765061783264e1a527cd39dac9553,"{""Call Resistance"": null, ""Put Support"": null, ""HVL"": null, ""1D Min"": null, ""1D Max"": null, ""Call Resistance 0DTE"": null, ""Put Support 0DTE"": null, ""HVL 0DTE"": null, ""Gamma Wall 0DTE"": null, ""GEX 1"": null, ""GEX 2"": null, ""GEX 3"": null, ""GEX 4"": null, ""GEX 5"": null, ""GEX 6"": null, ""GEX 7"": null, ""GEX 8"": null, ""GEX 9"": null, ""GEX 10"": null}",unknown,,,,,,False,after_1700,outside_cash,,,,,,,,,,,,,,,not_applicable_outside_hours,asia
a8ecee6d-1e93-5b3e-affd-0a4ca3c3596e,8acd9258-af80-56eb-b518-236330a85c99,b102912b-c501-501a-8213-2c8136bd65d0,2026-02-06T05:23:00+00:00,24479.25,0.25,2026-02-05,,aeb8bad860db92863af8c5db289eb426dcf765061783264e1a527cd39dac9553,"{""Call Resistance"": null, ""Put Support"": null, ""HVL"": null, ""1D Min"": null, ""1D Max"": null, ""Call Resistance 0DTE"": null, ""Put Support 0DTE"": null, ""HVL 0DTE"": null, ""Gamma Wall 0DTE"": null, ""GEX 1"": null, ""GEX 2"": null, ""GEX 3"": null, ""GEX 4"": null, ""GEX 5"": null, ""GEX 6"": null, ""GEX 7"": null, ""GEX 8"": null, ""GEX 9"": null, ""GEX 10"": null}",unknown,,,,,,False,after_1700,outside_cash,,,,,,,,,,,,,,,not_applicable_outside_hours,asia
bec1cad3-fed8-57a3-a804-4bafba46a273,,,2026-02-06T05:25:00+00:00,24474.25,0.25,2026-02-05,,aeb8bad860db92863af8c5db289eb426dcf765061783264e1a527cd39dac9553,"{""Call Resistance"": null, ""Put Support"": null, ""HVL"": null, ""1D Min"": null, ""1D Max"": null, ""Call Resistance 0DTE"": null, ""Put Support 0DTE"": null, ""HVL 0DTE"": null, ""Gamma Wall 0DTE"": null, ""GEX 1"": null, ""GEX 2"": null, ""GEX 3"": null, ""GEX 4"": null, ""GEX 5"": null, ""GEX 6"": null, ""GEX 7"": null, ""GEX 8"": null, ""GEX 9"": null, ""GEX 10"": null}",unknown,,,,,,False,after_1700,outside_cash,,,,,,,,,,,,,,,not_applicable_outside_hours,asia
547519f2-fa7d-5c25-8cda-88747a8ec0f8,,,2026-02-06T05:29:00+00:00,24488.75,0.25,2026-02-05,,aeb8bad860db92863af8c5db289eb426dcf765061783264e1a527cd39dac9553,"{""Call Resistance"": null, ""Put Support"": null, ""HVL"": null, ""1D Min"": null, ""1D Max"": null, ""Call Resistance 0DTE"": null, ""Put Support 0DTE"": null, ""HVL 0DTE"": null, ""Gamma Wall 0DTE"": null, ""GEX 1"": null, ""GEX 2"": null, ""GEX 3"": null, ""GEX 4"": null, ""GEX 5"": null, ""GEX 6"": null, ""GEX 7"": null, ""GEX 8"": null, ""GEX 9"": null, ""GEX 10"": null}",unknown,,,,,,False,after_1700,outside_cash,,,,,,,,,,,,,,,not_applicable_outside_hours,asia
328a727c-338f-57fc-b09e-3a20f7e83ae1,,,2026-02-06T06:59:00+00:00,24554.25,0.25,2026-02-06,,aeb8bad860db92863af8c5db289eb426dcf765061783264e1a527cd39dac9553,"{""Call Resistance"": null, ""Put Support"": null, ""HVL"": null, ""1D Min"": null, ""1D Max"": null, ""Call Resistance 0DTE"": null, ""Put Support 0DTE"": null, ""HVL 0DTE"": null, ""Gamma Wall 0DTE"": null, ""GEX 1"": null, ""GEX 2"": null, ""GEX 3"": null, ""GEX 4"": null, ""GEX 5"": null, ""GEX 6"": null, ""GEX 7"": null, ""GEX 8"": null, ""GEX 9"": null, ""GEX 10"": null}",unknown,,,,,,False,before_0600,outside_cash,,,,,,,,,,,,,,,not_applicable_outside_hours,none
726308ac-3ee8-5334-8b2d-4f40f3177e68,,,2026-02-06T06:59:00+00:00,24554.25,0.25,2026-02-06,,aeb8bad860db92863af8c5db289eb426dcf765061783264e1a527cd39dac9553,"{""Call Resistance"": null, ""Put Support"": null, ""HVL"": null, ""1D Min"": null, ""1D Max"": null, ""Call Resistance 0DTE"": null, ""Put Support 0DTE"": null, ""HVL 0DTE"": null, ""Gamma Wall 0DTE"": null, ""GEX 1"": null, ""GEX 2"": null, ""GEX 3"": null, ""GEX 4"": null, ""GEX 5"": null, ""GEX 6"": null, ""GEX 7"": null, ""GEX 8"": null, ""GEX 9"": null, ""GEX 10"": null}",unknown,,,,,,False,before_0600,outside_cash,,,,,,,,,,,,,,,not_applicable_outside_hours,none
960d23e9-4946-5f0f-a606-f6ff13bcf1af,756a77b2-e1af-5e2f-ae1d-855fcb501615,de71d15b-1eab-559b-9bff-8f6e116e7ef8,2026-02-06T07:16:00+00:00,24531.75,0.25,2026-02-06,,aeb8bad860db92863af8c5db289eb426dcf765061783264e1a527cd39dac9553,"{""Call Resistance"": null, ""Put Support"": null, ""HVL"": null, ""1D Min"": null, ""1D Max"": null, ""Call Resistance 0DTE"": null, ""Put Support 0DTE"": null, ""HVL 0DTE"": null, ""Gamma Wall 0DTE"": null, ""GEX 1"": null, ""GEX 2"": null, ""GEX 3"": null, ""GEX 4"": null, ""GEX 5"": null, ""GEX 6"": null, ""GEX 7"": null, ""GEX 8"": null, ""GEX 9"": null, ""GEX 10"": null}",unknown,,,,,,False,before_0600,outside_cash,,,,,,,,,,,,,,,not_applicable_outside_hours,london
e8b081b1-cc92-55f5-a5a0-f99640218e05,,,2026-02-06T07:17:00+00:00,24539.0,0.25,2026-02-06,,aeb8bad860db92863af8c5db289eb426dcf765061783264e1a527cd39dac9553,"{""Call Resistance"": null, ""Put Support"": null, ""HVL"": null, ""1D Min"": null, ""1D Max"": null, ""Call Resistance 0DTE"": null, ""Put Support 0DTE"": null, ""HVL 0DTE"": null, ""Gamma Wall 0DTE"": null, ""GEX 1"": null, ""GEX 2"": null, ""GEX 3"": null, ""GEX 4"": null, ""GEX 5"": null, ""GEX 6"": null, ""GEX 7"": null, ""GEX 8"": null, ""GEX 9"": null, ""GEX 10"": null}",unknown,,,,,,False,before_0600,outside_cash,,,,,,,,,,,,,,,not_applicable_outside_hours,london
9eae3882-63d2-59ed-9cf5-7a2cec474988,,,2026-02-10T02:01:00+00:00,25331.0,0.25,2026-02-09,,aeb8bad860db92863af8c5db289eb426dcf765061783264e1a527cd39dac9553,"{""Call Resistance"": null, ""Put Support"": null, ""HVL"": null, ""1D Min"": null, ""1D Max"": null, ""Call Resistance 0DTE"": null, ""Put Support 0DTE"": null, ""HVL 0DTE"": null, ""Gamma Wall 0DTE"": null, ""GEX 1"": null, ""GEX 2"": null, ""GEX 3"": null, ""GEX 4"": null, ""GEX 5"": null, ""GEX 6"": null, ""GEX 7"": null, ""GEX 8"": null, ""GEX 9"": null, ""GEX 10"": null}",unknown,,,,,,False,after_1700,outside_cash,,,,,,,,,,,,,,,not_applicable_outside_hours,asia
b4639c47-ccdb-5ff0-aa28-2c5b128b52c4,9e2f125c-9ef4-57a2-9c9e-fdbf48b1ad00,4eb1345b-f204-596a-923c-a47380f29123,2026-02-10T02:08:00+00:00,25331.75,0.25,2026-02-09,,aeb8bad860db92863af8c5db289eb426dcf765061783264e1a527cd39dac9553,"{""Call Resistance"": null, ""Put Support"": null, ""HVL"": null, ""1D Min"": null, ""1D Max"": null, ""Call Resistance 0DTE"": null, ""Put Support 0DTE"": null, ""HVL 0DTE"": null, ""Gamma Wall 0DTE"": null, ""GEX 1"": null, ""GEX 2"": null, ""GEX 3"": null, ""GEX 4"": null, ""GEX 5"": null, ""GEX 6"": null, ""GEX 7"": null, ""GEX 8"": null, ""GEX 9"": null, ""GEX 10"": null}",unknown,,,,,,False,after_1700,outside_cash,,,,,,,,,,,,,,,not_applicable_outside_hours,asia
5fb1406e-a942-53f2-ad88-9a2b7a4c6a54,d7f6ac2e-5820-58eb-9994-5560556a2279,0f74977b-31af-5671-a5e4-42293ef8eeed,2026-02-10T04:05:00+00:00,25310.0,0.25,2026-02-09,,aeb8bad860db92863af8c5db289eb426dcf765061783264e1a527cd39dac9553,"{""Call Resistance"": null, ""Put Support"": null, ""HVL"": null, ""1D Min"": null, ""1D Max"": null, ""Call Resistance 0DTE"": null, ""Put Support 0DTE"": null, ""HVL 0DTE"": null, ""Gamma Wall 0DTE"": null, ""GEX 1"": null, ""GEX 2"": null, ""GEX 3"": null, ""GEX 4"": null, ""GEX 5"": null, ""GEX 6"": null, ""GEX 7"": null, ""GEX 8"": null, ""GEX 9"": null, ""GEX 10"": null}",unknown,,,,,,False,after_1700,outside_cash,,,,,,,,,,,,,,,not_applicable_outside_hours,asia
44f73f15-e2f9-54e3-a65c-2b7b7680b0a5,,,2026-02-10T04:12:00+00:00,25319.5,0.25,2026-02-09,,aeb8bad860db92863af8c5db289eb426dcf765061783264e1a527cd39dac9553,"{""Call Resistance"": null, ""Put Support"": null, ""HVL"": null, ""1D Min"": null, ""1D Max"": null, ""Call Resistance 0DTE"": null, ""Put Support 0DTE"": null, ""HVL 0DTE"": null, ""Gamma Wall 0DTE"": null, ""GEX 1"": null, ""GEX 2"": null, ""GEX 3"": null, ""GEX 4"": null, ""GEX 5"": null, ""GEX 6"": null, ""GEX 7"": null, ""GEX 8"": null, ""GEX 9"": null, ""GEX 10"": null}",unknown,,,,,,False,after_1700,outside_cash,,,,,,,,,,,,,,,not_applicable_outside_hours,asia
9730cca3-121b-5490-b018-0ed4fac459ee,,,2026-02-10T04:21:00+00:00,25321.0,0.25,2026-02-09,,aeb8bad860db92863af8c5db289eb426dcf765061783264e1a527cd39dac9553,"{""Call Resistance"": null, ""Put Support"": null, ""HVL"": null, ""1D Min"": null, ""1D Max"": null, ""Call Resistance 0DTE"": null, ""Put Support 0DTE"": null, ""HVL 0DTE"": null, ""Gamma Wall 0DTE"": null, ""GEX 1"": null, ""GEX 2"": null, ""GEX 3"": null, ""GEX 4"": null, ""GEX 5"": null, ""GEX 6"": null, ""GEX 7"": null, ""GEX 8"": null, ""GEX 9"": null, ""GEX 10"": null}",unknown,,,,,,False,after_1700,outside_cash,,,,,,,,,,,,,,,not_applicable_outside_hours,asia
eeaa78bd-c290-5c11-861e-8e7c160b24e5,eb70d888-af29-5fd8-9c5c-8ec8967bad71,4d8729e9-de1f-53e8-bfab-1d2c0eb1b9ce,2026-02-10T05:52:00+00:00,25352.5,0.25,2026-02-09,,aeb8bad860db92863af8c5db289eb426dcf765061783264e1a527cd39dac9553,"{""Call Resistance"": null, ""Put Support"": null, ""HVL"": null, ""1D Min"": null, ""1D Max"": null, ""Call Resistance 0DTE"": null, ""Put Support 0DTE"": null, ""HVL 0DTE"": null, ""Gamma Wall 0DTE"": null, ""GEX 1"": null, ""GEX 2"": null, ""GEX 3"": null, ""GEX 4"": null, ""GEX 5"": null, ""GEX 6"": null, ""GEX 7"": null, ""GEX 8"": null, ""GEX 9"": null, ""GEX 10"": null}",unknown,,,,,,False,after_1700,outside_cash,,,,,,,,,,,,,,,not_applicable_outside_hours,asia
ac10c006-e340-5fe2-9739-b7d4aec9d5fd,,,2026-02-10T05:53:00+00:00,25354.5,0.25,2026-02-09,,aeb8bad860db92863af8c5db289eb426dcf765061783264e1a527cd39dac9553,"{""Call Resistance"": null, ""Put Support"": null, ""HVL"": null, ""1D Min"": null, ""1D Max"": null, ""Call Resistance 0DTE"": null, ""Put Support 0DTE"": null, ""HVL 0DTE"": null, ""Gamma Wall 0DTE"": null, ""GEX 1"": null, ""GEX 2"": null, ""GEX 3"": null, ""GEX 4"": null, ""GEX 5"": null, ""GEX 6"": null, ""GEX 7"": null, ""GEX 8"": null, ""GEX 9"": null, ""GEX 10"": null}",unknown,,,,,,False,after_1700,outside_cash,,,,,,,,,,,,,,,not_applicable_outside_hours,asia
4f99daad-48b5-5e75-99b8-92e90cdef0fe,,,2026-02-10T06:02:00+00:00,25345.25,0.25,2026-02-10,,aeb8bad860db92863af8c5db289eb426dcf765061783264e1a527cd39dac9553,"{""Call Resistance"": null, ""Put Support"": null, ""HVL"": null, ""1D Min"": null, ""1D Max"": null, ""Call Resistance 0DTE"": null, ""Put Support 0DTE"": null, ""HVL 0DTE"": null, ""Gamma Wall 0DTE"": null, ""GEX 1"": null, ""GEX 2"": null, ""GEX 3"": null, ""GEX 4"": null, ""GEX 5"": null, ""GEX 6"": null, ""GEX 7"": null, ""GEX 8"": null, ""GEX 9"": null, ""GEX 10"": null}",unknown,,,,,,False,before_0600,outside_cash,,,,,,,,,,,,,,,not_applicable_outside_hours,asia
2510d7de-73ef-58d4-8ad8-8535f60dfb9c,420e542e-75d3-55d7-9aa8-9b09e3933acd,38affcc5-8887-5acd-8fb8-07d65c3f4b59,2026-02-10T07:30:00+00:00,25332.5,0.25,2026-02-10,,aeb8bad860db92863af8c5db289eb426dcf765061783264e1a527cd39dac9553,"{""Call Resistance"": null, ""Put Support"": null, ""HVL"": null, ""1D Min"": null, ""1D Max"": null, ""Call Resistance 0DTE"": null, ""Put Support 0DTE"": null, ""HVL 0DTE"": null, ""Gamma Wall 0DTE"": null, ""GEX 1"": null, ""GEX 2"": null, ""GEX 3"": null, ""GEX 4"": null, ""GEX 5"": null, ""GEX 6"": null, ""GEX 7"": null, ""GEX 8"": null, ""GEX 9"": null, ""GEX 10"": null}",unknown,,,,,,False,before_0600,outside_cash,,,,,,,,,,,,,,,not_applicable_outside_hours,london
e576daaa-6466-53ed-b20a-2807cad5af21,,,2026-02-10T07:31:00+00:00,25330.0,0.25,2026-02-10,,aeb8bad860db92863af8c5db289eb426dcf765061783264e1a527cd39dac9553,"{""Call Resistance"": null, ""Put Support"": null, ""HVL"": null, ""1D Min"": null, ""1D Max"": null, ""Call Resistance 0DTE"": null, ""Put Support 0DTE"": null, ""HVL 0DTE"": null, ""Gamma Wall 0DTE"": null, ""GEX 1"": null, ""GEX 2"": null, ""GEX 3"": null, ""GEX 4"": null, ""GEX 5"": null, ""GEX 6"": null, ""GEX 7"": null, ""GEX 8"": null, ""GEX 9"": null, ""GEX 10"": null}",unknown,,,,,,False,before_0600,outside_cash,,,,,,,,,,,,,,,not_applicable_outside_hours,london
7826f74d-a3da-5483-a2b8-d72b853e5311,,,2026-02-10T07:37:00+00:00,25342.75,0.25,2026-02-10,,aeb8bad860db92863af8c5db289eb426dcf765061783264e1a527cd39dac9553,"{""Call Resistance"": null, ""Put Support"": null, ""HVL"": null, ""1D Min"": null, ""1D Max"": null, ""Call Resistance 0DTE"": null, ""Put Support 0DTE"": null, ""HVL 0DTE"": null, ""Gamma Wall 0DTE"": null, ""GEX 1"": null, ""GEX 2"": null, ""GEX 3"": null, ""GEX 4"": null, ""GEX 5"": null, ""GEX 6"": null, ""GEX 7"": null, ""GEX 8"": null, ""GEX 9"": null, ""GEX 10"": null}",unknown,,,,,,False,before_0600,outside_cash,,,,,,,,,,,,,,,not_applicable_outside_hours,london
56fbc4ab-bdf6-55e1-a1bc-46af700fc033,,,2026-02-10T07:38:00+00:00,25336.5,0.25,2026-02-10,,aeb8bad860db92863af8c5db289eb426dcf765061783264e1a527cd39dac9553,"{""Call Resistance"": null, ""Put Support"": null, ""HVL"": null, ""1D Min"": null, ""1D Max"": null, ""Call Resistance 0DTE"": null, ""Put Support 0DTE"": null, ""HVL 0DTE"": null, ""Gamma Wall 0DTE"": null, ""GEX 1"": null, ""GEX 2"": null, ""GEX 3"": null, ""GEX 4"": null, ""GEX 5"": null, ""GEX 6"": null, ""GEX 7"": null, ""GEX 8"": null, ""GEX 9"": null, ""GEX 10"": null}",unknown,,,,,,False,before_0600,outside_cash,,,,,,,,,,,,,,,not_applicable_outside_hours,london
6ea5d122-f535-5afd-a9f3-1582bcae4774,266b6a60-6d4b-5ca1-bf75-33f3685aebf8,b3b9a4e4-7f40-51bd-bdb3-c242e5335b13,2026-02-10T15:28:00+00:00,25412.75,0.25,2026-02-10,2026-02-09,aeb8bad860db92863af8c5db289eb426dcf765061783264e1a527cd39dac9553,"{""Call Resistance"": 26000.0, ""Put Support"": 24500.0, ""HVL"": 25270.0, ""1D Min"": 25045.5, ""1D Max"": 25677.5, ""Call Resistance 0DTE"": 25350.0, ""Put Support 0DTE"": 25370.0, ""HVL 0DTE"": 25290.0, ""Gamma Wall 0DTE"": 25350.0, ""GEX 1"": 25500.0, ""GEX 2"": 25250.0, ""GEX 3"": 25100.0, ""GEX 4"": 25475.0, ""GEX 5"": 25200.0, ""GEX 6"": 24750.0, ""GEX 7"": 25000.0, ""GEX 8"": 25800.0, ""GEX 9"": 24900.0, ""GEX 10"": 25750.0}",positive,1211282.907059642,0.421455938697318,316.0,,,True,,s1_0830_1000,above,GEX 4,25475.0,62.25,0.19699367088607594,Put Support 0DTE,25370.0,42.75,0.13528481012658228,False,0.14477848101265822,0.14477848101265822,False,False,evaluated,ny
2c59f83c-d5b6-5702-ada7-02d8bf5425b3,,,2026-02-10T15:28:00+00:00,25412.75,0.25,2026-02-10,2026-02-09,aeb8bad860db92863af8c5db289eb426dcf765061783264e1a527cd39dac9553,"{""Call Resistance"": 26000.0, ""Put Support"": 24500.0, ""HVL"": 25270.0, ""1D Min"": 25045.5, ""1D Max"": 25677.5, ""Call Resistance 0DTE"": 25350.0, ""Put Support 0DTE"": 25370.0, ""HVL 0DTE"": 25290.0, ""Gamma Wall 0DTE"": 25350.0, ""GEX 1"": 25500.0, ""GEX 2"": 25250.0, ""GEX 3"": 25100.0, ""GEX 4"": 25475.0, ""GEX 5"": 25200.0, ""GEX 6"": 24750.0, ""GEX 7"": 25000.0, ""GEX 8"": 25800.0, ""GEX 9"": 24900.0, ""GEX 10"": 25750.0}",positive,1211282.907059642,0.421455938697318,316.0,,,True,,s1_0830_1000,above,GEX 4,25475.0,62.25,0.19699367088607594,Put Support 0DTE,25370.0,42.75,0.13528481012658228,False,0.14477848101265822,0.14477848101265822,False,False,evaluated,ny
2741d46b-501d-5b76-bce8-96660c773595,,,2026-02-10T15:32:00+00:00,25428.0,0.25,2026-02-10,2026-02-09,aeb8bad860db92863af8c5db289eb426dcf765061783264e1a527cd39dac9553,"{""Call Resistance"": 26000.0, ""Put Support"": 24500.0, ""HVL"": 25270.0, ""1D Min"": 25045.5, ""1D Max"": 25677.5, ""Call Resistance 0DTE"": 25350.0, ""Put Support 0DTE"": 25370.0, ""HVL 0DTE"": 25290.0, ""Gamma Wall 0DTE"": 25350.0, ""GEX 1"": 25500.0, ""GEX 2"": 25250.0, ""GEX 3"": 25100.0, ""GEX 4"": 25475.0, ""GEX 5"": 25200.0, ""GEX 6"": 24750.0, ""GEX 7"": 25000.0, ""GEX 8"": 25800.0, ""GEX 9"": 24900.0, ""GEX 10"": 25750.0}",positive,1211282.907059642,0.421455938697318,316.0,,,True,,s1_0830_1000,above,GEX 4,25475.0,47.0,0.14873417721518986,Put Support 0DTE,25370.0,58.0,0.18354430379746836,False,0.18829113924050633,0.18829113924050633,False,False,evaluated,ny
0eff3d19-c35d-51d1-ad90-5ad6cbf3b860,,,2026-02-10T15:33:00+00:00,25431.5,0.25,2026-02-10,2026-02-09,aeb8bad860db92863af8c5db289eb426dcf765061783264e1a527cd39dac9553,"{""Call Resistance"": 26000.0, ""Put Support"": 24500.0, ""HVL"": 25270.0, ""1D Min"": 25045.5, ""1D Max"": 25677.5, ""Call Resistance 0DTE"": 25350.0, ""Put Support 0DTE"": 25370.0, ""HVL 0DTE"": 25290.0, ""Gamma Wall 0DTE"": 25350.0, ""GEX 1"": 25500.0, ""GEX 2"": 25250.0, ""GEX 3"": 25100.0, ""GEX 4"": 25475.0, ""GEX 5"": 25200.0, ""GEX 6"": 24750.0, ""GEX 7"": 25000.0, ""GEX 8"": 25800.0, ""GEX 9"": 24900.0, ""GEX 10"": 25750.0}",positive,1211282.907059642,0.421455938697318,316.0,,,True,,s1_0830_1000,above,GEX 4,25475.0,43.5,0.13765822784810128,Put Support 0DTE,25370.0,61.5,0.19462025316455697,False,0.20965189873417722,0.20965189873417722,False,False,evaluated,ny
c32a746c-56ec-5a37-ba27-2d73fba44783,,,2026-02-10T15:45:00+00:00,25412.75,0.25,2026-02-10,2026-02-09,aeb8bad860db92863af8c5db289eb426dcf765061783264e1a527cd39dac9553,"{""Call Resistance"": 26000.0, ""Put Support"": 24500.0, ""HVL"": 25270.0, ""1D Min"": 25045.5, ""1D Max"": 25677.5, ""Call Resistance 0DTE"": 25350.0, ""Put Support 0DTE"": 25370.0, ""HVL 0DTE"": 25290.0, ""Gamma Wall 0DTE"": 25350.0, ""GEX 1"": 25500.0, ""GEX 2"": 25250.0, ""GEX 3"": 25100.0, ""GEX 4"": 25475.0, ""GEX 5"": 25200.0, ""GEX 6"": 24750.0, ""GEX 7"": 25000.0, ""GEX 8"": 25800.0, ""GEX 9"": 24900.0, ""GEX 10"": 25750.0}",positive,1211282.907059642,0.421455938697318,316.0,,,True,,s1_0830_1000,above,GEX 4,25475.0,62.25,0.19699367088607594,Put Support 0DTE,25370.0,42.75,0.13528481012658228,False,0.14556962025316456,0.14556962025316456,False,False,evaluated,ny
1d55072f-325f-5e0a-b823-dab06231fa7e,,,2026-02-10T17:40:00+00:00,25361.0,0.25,2026-02-10,2026-02-09,aeb8bad860db92863af8c5db289eb426dcf765061783264e1a527cd39dac9553,"{""Call Resistance"": 26000.0, ""Put Support"": 24500.0, ""HVL"": 25270.0, ""1D Min"": 25045.5, ""1D Max"": 25677.5, ""Call Resistance 0DTE"": 25350.0, ""Put Support 0DTE"": 25370.0, ""HVL 0DTE"": 25290.0, ""Gamma Wall 0DTE"": 25350.0, ""GEX 1"": 25500.0, ""GEX 2"": 25250.0, ""GEX 3"": 25100.0, ""GEX 4"": 25475.0, ""GEX 5"": 25200.0, ""GEX 6"": 24750.0, ""GEX 7"": 25000.0, ""GEX 8"": 25800.0, ""GEX 9"": 24900.0, ""GEX 10"": 25750.0}",positive,1211282.907059642,0.421455938697318,316.0,,,True,,s2_1000_1200,above,Put Support 0DTE,25370.0,9.0,0.028481012658227847,Call Resistance 0DTE|Gamma Wall 0DTE,25350.0,11.0,0.03481012658227848,False,0.02610759493670886,0.02610759493670886,False,False,evaluated,ny
4296663e-5407-549f-ad60-ba0f417851bb,97602b1e-4618-58b7-837e-6ed200159e61,6e73a6bf-b12c-5608-996d-e6023a33d5f5,2026-02-10T17:43:00+00:00,25372.75,0.25,2026-02-10,2026-02-09,aeb8bad860db92863af8c5db289eb426dcf765061783264e1a527cd39dac9553,"{""Call Resistance"": 26000.0, ""Put Support"": 24500.0, ""HVL"": 25270.0, ""1D Min"": 25045.5, ""1D Max"": 25677.5, ""Call Resistance 0DTE"": 25350.0, ""Put Support 0DTE"": 25370.0, ""HVL 0DTE"": 25290.0, ""Gamma Wall 0DTE"": 25350.0, ""GEX 1"": 25500.0, ""GEX 2"": 25250.0, ""GEX 3"": 25100.0, ""GEX 4"": 25475.0, ""GEX 5"": 25200.0, ""GEX 6"": 24750.0, ""GEX 7"": 25000.0, ""GEX 8"": 25800.0, ""GEX 9"": 24900.0, ""GEX 10"": 25750.0}",positive,1211282.907059642,0.421455938697318,316.0,,,True,,s2_1000_1200,above,GEX 4,25475.0,102.25,0.3235759493670886,Put Support 0DTE,25370.0,2.75,0.00870253164556962,False,0.048259493670886076,0.048259493670886076,False,False,evaluated,ny
cfcb888e-f7df-5ca3-aef6-119da5644939,669a206c-70f8-54b1-82dd-0a5fbb74849b,89560481-afa7-5d14-aa43-be3074dab828,2026-02-11T06:26:00+00:00,25287.75,0.25,2026-02-11,,aeb8bad860db92863af8c5db289eb426dcf765061783264e1a527cd39dac9553,"{""Call Resistance"": null, ""Put Support"": null, ""HVL"": null, ""1D Min"": null, ""1D Max"": null, ""Call Resistance 0DTE"": null, ""Put Support 0DTE"": null, ""HVL 0DTE"": null, ""Gamma Wall 0DTE"": null, ""GEX 1"": null, ""GEX 2"": null, ""GEX 3"": null, ""GEX 4"": null, ""GEX 5"": null, ""GEX 6"": null, ""GEX 7"": null, ""GEX 8"": null, ""GEX 9"": null, ""GEX 10"": null}",unknown,,,,,,False,before_0600,outside_cash,,,,,,,,,,,,,,,not_applicable_outside_hours,asia
bc2ef5d2-81e2-57d1-844c-711f87db521e,,,2026-02-11T06:26:00+00:00,25287.75,0.25,2026-02-11,,aeb8bad860db92863af8c5db289eb426dcf765061783264e1a527cd39dac9553,"{""Call Resistance"": null, ""Put Support"": null, ""HVL"": null, ""1D Min"": null, ""1D Max"": null, ""Call Resistance 0DTE"": null, ""Put Support 0DTE"": null, ""HVL 0DTE"": null, ""Gamma Wall 0DTE"": null, ""GEX 1"": null, ""GEX 2"": null, ""GEX 3"": null, ""GEX 4"": null, ""GEX 5"": null, ""GEX 6"": null, ""GEX 7"": null, ""GEX 8"": null, ""GEX 9"": null, ""GEX 10"": null}",unknown,,,,,,False,before_0600,outside_cash,,,,,,,,,,,,,,,not_applicable_outside_hours,asia
3261b5ee-89de-568a-ab9d-981668aadb5a,,,2026-02-11T06:38:00+00:00,25279.25,0.25,2026-02-11,,aeb8bad860db92863af8c5db289eb426dcf765061783264e1a527cd39dac9553,"{""Call Resistance"": null, ""Put Support"": null, ""HVL"": null, ""1D Min"": null, ""1D Max"": null, ""Call Resistance 0DTE"": null, ""Put Support 0DTE"": null, ""HVL 0DTE"": null, ""Gamma Wall 0DTE"": null, ""GEX 1"": null, ""GEX 2"": null, ""GEX 3"": null, ""GEX 4"": null, ""GEX 5"": null, ""GEX 6"": null, ""GEX 7"": null, ""GEX 8"": null, ""GEX 9"": null, ""GEX 10"": null}",unknown,,,,,,False,before_0600,outside_cash,,,,,,,,,,,,,,,not_applicable_outside_hours,asia
615c154c-5069-59b9-b751-de651d5dce5c,,,2026-02-11T07:06:00+00:00,25283.0,0.25,2026-02-11,,aeb8bad860db92863af8c5db289eb426dcf765061783264e1a527cd39dac9553,"{""Call Resistance"": null, ""Put Support"": null, ""HVL"": null, ""1D Min"": null, ""1D Max"": null, ""Call Resistance 0DTE"": null, ""Put Support 0DTE"": null, ""HVL 0DTE"": null, ""Gamma Wall 0DTE"": null, ""GEX 1"": null, ""GEX 2"": null, ""GEX 3"": null, ""GEX 4"": null, ""GEX 5"": null, ""GEX 6"": null, ""GEX 7"": null, ""GEX 8"": null, ""GEX 9"": null, ""GEX 10"": null}",unknown,,,,,,False,before_0600,outside_cash,,,,,,,,,,,,,,,not_applicable_outside_hours,london
472bc963-58e2-5c98-98dd-66bd04b42c03,,,2026-02-18T06:52:00+00:00,24839.0,0.25,2026-02-18,,aeb8bad860db92863af8c5db289eb426dcf765061783264e1a527cd39dac9553,"{""Call Resistance"": null, ""Put Support"": null, ""HVL"": null, ""1D Min"": null, ""1D Max"": null, ""Call Resistance 0DTE"": null, ""Put Support 0DTE"": null, ""HVL 0DTE"": null, ""Gamma Wall 0DTE"": null, ""GEX 1"": null, ""GEX 2"": null, ""GEX 3"": null, ""GEX 4"": null, ""GEX 5"": null, ""GEX 6"": null, ""GEX 7"": null, ""GEX 8"": null, ""GEX 9"": null, ""GEX 10"": null}",unknown,,,,,,False,before_0600,outside_cash,,,,,,,,,,,,,,,not_applicable_outside_hours,none
7d7d2e2b-0c61-5428-bbac-c6c64701a6a0,,,2026-02-18T06:56:00+00:00,24837.5,0.25,2026-02-18,,aeb8bad860db92863af8c5db289eb426dcf765061783264e1a527cd39dac9553,"{""Call Resistance"": null, ""Put Support"": null, ""HVL"": null, ""1D Min"": null, ""1D Max"": null, ""Call Resistance 0DTE"": null, ""Put Support 0DTE"": null, ""HVL 0DTE"": null, ""Gamma Wall 0DTE"": null, ""GEX 1"": null, ""GEX 2"": null, ""GEX 3"": null, ""GEX 4"": null, ""GEX 5"": null, ""GEX 6"": null, ""GEX 7"": null, ""GEX 8"": null, ""GEX 9"": null, ""GEX 10"": null}",unknown,,,,,,False,before_0600,outside_cash,,,,,,,,,,,,,,,not_applicable_outside_hours,none
