# {"archival": false, "enable_shorts": false, "formula_version": "menthorq_eod_v1", "run_identity": {"core_commit": "b062bfcf5a5209440a4b4c9d7c0ca2263f9f4cc2", "core_source_tree_hash": "517e65f4a7e097287ebd31925b326e50f972e8f7c982bcdcf1eea69da222725c", "evaluation_config_hash": "19784afce5b0dca7bd30a4d6f2763d07ecf44c97ae78263055a435c78a5f6a01", "phase": "smoke_all_on", "physical_chain_dates": ["2026-01-01", "2026-01-02", "2026-01-04", "2026-01-05", "2026-01-06", "2026-01-07", "2026-01-08", "2026-01-09", "2026-01-11", "2026-01-12", "2026-01-13", "2026-01-14", "2026-01-15", "2026-01-16", "2026-01-18", "2026-01-19", "2026-01-20", "2026-01-21", "2026-01-22", "2026-01-23", "2026-01-25", "2026-01-26", "2026-01-27", "2026-01-28", "2026-01-29", "2026-01-30", "2026-02-01", "2026-02-02", "2026-02-03", "2026-02-04", "2026-02-05", "2026-02-06", "2026-02-08", "2026-02-09", "2026-02-10", "2026-02-11", "2026-02-12", "2026-02-13", "2026-02-15", "2026-02-16", "2026-02-17", "2026-02-18", "2026-02-19", "2026-02-20", "2026-02-22", "2026-02-23"], "profile_hash": "68497c90dbabbce8e2040d8a56335d32ecf9d174e4243838252d60239ecee942"}, "schema_version": 1, "source_file_sha256": {"daily_total_dealer_gamma_and_regime.csv": "afb8e9bae8c9ae5a6200cb49e3862d222551e168962ac402fefff6ee15c9821d", "eod_gamma_levels_daily_wide.csv": "aeb8bad860db92863af8c5db289eb426dcf765061783264e1a527cd39dac9553"}}
candidate_id,decision_id,trade_id,availability_ts_utc,entry_price_points,tick_size,trading_date,source_eod_date,source_file_sha256,levels,regime,total_net_gex,gex_percentile_1y,implied_move_points,selected_instrument_id,roll_flag,context_available,unavailable_reason,slot_chicago,hvl_side,nearest_above_names,nearest_above_points,nearest_above_distance_points,nearest_above_distance_implied,nearest_below_names,nearest_below_points,nearest_below_distance_points,nearest_below_distance_implied,nearest_support_is_gex1,opening_move_signed,opening_move_abs,regime_gate_blocked,nearest_support_gate_blocked,gate_status,entry_session
c2153379-5781-540d-bd3a-bcf0ffba43d8,,,2026-01-07T09:59:00+00:00,25753.5,0.25,2026-01-07,,aeb8bad860db92863af8c5db289eb426dcf765061783264e1a527cd39dac9553,"{""Call Resistance"": null, ""Put Support"": null, ""HVL"": null, ""1D Min"": null, ""1D Max"": null, ""Call Resistance 0DTE"": null, ""Put Support 0DTE"": null, ""HVL 0DTE"": null, ""Gamma Wall 0DTE"": null, ""GEX 1"": null, ""GEX 2"": null, ""GEX 3"": null, ""GEX 4"": null, ""GEX 5"": null, ""GEX 6"": null, ""GEX 7"": null, ""GEX 8"": null, ""GEX 9"": null, ""GEX 10"": null}",unknown,,,,,,False,before_0600,outside_cash,,,,,,,,,,,,,,,not_applicable_outside_hours,london
1372f90d-8731-5d80-a879-51d83757da6a,,,2026-01-07T10:06:00+00:00,25757.25,0.25,2026-01-07,,aeb8bad860db92863af8c5db289eb426dcf765061783264e1a527cd39dac9553,"{""Call Resistance"": null, ""Put Support"": null, ""HVL"": null, ""1D Min"": null, ""1D Max"": null, ""Call Resistance 0DTE"": null, ""Put Support 0DTE"": null, ""HVL 0DTE"": null, ""Gamma Wall 0DTE"": null, ""GEX 1"": null, ""GEX 2"": null, ""GEX 3"": null, ""GEX 4"": null, ""GEX 5"": null, ""GEX 6"": null, ""GEX 7"": null, ""GEX 8"": null, ""GEX 9"": null, ""GEX 10"": null}",unknown,,,,,,False,before_0600,outside_cash,,,,,,,,,,,,,,,not_applicable_outside_hours,london
a6292334-2d12-5074-8f50-e137e40b8326,,,2026-01-07T10:15:00+00:00,25758.75,0.25,2026-01-07,,aeb8bad860db92863af8c5db289eb426dcf765061783264e1a527cd39dac9553,"{""Call Resistance"": null, ""Put Support"": null, ""HVL"": null, ""1D Min"": null, ""1D Max"": null, ""Call Resistance 0DTE"": null, ""Put Support 0DTE"": null, ""HVL 0DTE"": null, ""Gamma Wall 0DTE"": null, ""GEX 1"": null, ""GEX 2"": null, ""GEX 3"": null, ""GEX 4"": null, ""GEX 5"": null, ""GEX 6"": null, ""GEX 7"": null, ""GEX 8"": null, ""GEX 9"": null, ""GEX 10"": null}",unknown,,,,,,False,before_0600,outside_cash,,,,,,,,,,,,,,,not_applicable_outside_hours,london
bd484261-ec8f-5749-adb9-d44c0ffd51e8,,,2026-01-08T10:52:00+00:00,25758.75,0.25,2026-01-08,,aeb8bad860db92863af8c5db289eb426dcf765061783264e1a527cd39dac9553,"{""Call Resistance"": null, ""Put Support"": null, ""HVL"": null, ""1D Min"": null, ""1D Max"": null, ""Call Resistance 0DTE"": null, ""Put Support 0DTE"": null, ""HVL 0DTE"": null, ""Gamma Wall 0DTE"": null, ""GEX 1"": null, ""GEX 2"": null, ""GEX 3"": null, ""GEX 4"": null, ""GEX 5"": null, ""GEX 6"": null, ""GEX 7"": null, ""GEX 8"": null, ""GEX 9"": null, ""GEX 10"": null}",unknown,,,,,,False,before_0600,outside_cash,,,,,,,,,,,,,,,not_applicable_outside_hours,london
c1d07293-483f-534c-9e7e-8de29b60e008,,,2026-01-08T10:52:00+00:00,25758.75,0.25,2026-01-08,,aeb8bad860db92863af8c5db289eb426dcf765061783264e1a527cd39dac9553,"{""Call Resistance"": null, ""Put Support"": null, ""HVL"": null, ""1D Min"": null, ""1D Max"": null, ""Call Resistance 0DTE"": null, ""Put Support 0DTE"": null, ""HVL 0DTE"": null, ""Gamma Wall 0DTE"": null, ""GEX 1"": null, ""GEX 2"": null, ""GEX 3"": null, ""GEX 4"": null, ""GEX 5"": null, ""GEX 6"": null, ""GEX 7"": null, ""GEX 8"": null, ""GEX 9"": null, ""GEX 10"": null}",unknown,,,,,,False,before_0600,outside_cash,,,,,,,,,,,,,,,not_applicable_outside_hours,london
d1055e2b-347e-59b8-aa6a-8efbf9b22a85,,,2026-01-08T10:55:00+00:00,25767.25,0.25,2026-01-08,,aeb8bad860db92863af8c5db289eb426dcf765061783264e1a527cd39dac9553,"{""Call Resistance"": null, ""Put Support"": null, ""HVL"": null, ""1D Min"": null, ""1D Max"": null, ""Call Resistance 0DTE"": null, ""Put Support 0DTE"": null, ""HVL 0DTE"": null, ""Gamma Wall 0DTE"": null, ""GEX 1"": null, ""GEX 2"": null, ""GEX 3"": null, ""GEX 4"": null, ""GEX 5"": null, ""GEX 6"": null, ""GEX 7"": null, ""GEX 8"": null, ""GEX 9"": null, ""GEX 10"": null}",unknown,,,,,,False,before_0600,outside_cash,,,,,,,,,,,,,,,not_applicable_outside_hours,london
8c9b3767-42e8-5984-bc50-88b101af3633,,,2026-01-08T11:14:00+00:00,25774.5,0.25,2026-01-08,,aeb8bad860db92863af8c5db289eb426dcf765061783264e1a527cd39dac9553,"{""Call Resistance"": null, ""Put Support"": null, ""HVL"": null, ""1D Min"": null, ""1D Max"": null, ""Call Resistance 0DTE"": null, ""Put Support 0DTE"": null, ""HVL 0DTE"": null, ""Gamma Wall 0DTE"": null, ""GEX 1"": null, ""GEX 2"": null, ""GEX 3"": null, ""GEX 4"": null, ""GEX 5"": null, ""GEX 6"": null, ""GEX 7"": null, ""GEX 8"": null, ""GEX 9"": null, ""GEX 10"": null}",unknown,,,,,,False,before_0600,outside_cash,,,,,,,,,,,,,,,not_applicable_outside_hours,london
c828ae7c-88a3-583d-9c09-6d67240a8b63,,,2026-01-08T11:26:00+00:00,25781.25,0.25,2026-01-08,,aeb8bad860db92863af8c5db289eb426dcf765061783264e1a527cd39dac9553,"{""Call Resistance"": null, ""Put Support"": null, ""HVL"": null, ""1D Min"": null, ""1D Max"": null, ""Call Resistance 0DTE"": null, ""Put Support 0DTE"": null, ""HVL 0DTE"": null, ""Gamma Wall 0DTE"": null, ""GEX 1"": null, ""GEX 2"": null, ""GEX 3"": null, ""GEX 4"": null, ""GEX 5"": null, ""GEX 6"": null, ""GEX 7"": null, ""GEX 8"": null, ""GEX 9"": null, ""GEX 10"": null}",unknown,,,,,,False,before_0600,outside_cash,,,,,,,,,,,,,,,not_applicable_outside_hours,london
54cccc74-9053-5e0e-8168-f8a33578f8ad,,,2026-01-08T11:27:00+00:00,25784.25,0.25,2026-01-08,,aeb8bad860db92863af8c5db289eb426dcf765061783264e1a527cd39dac9553,"{""Call Resistance"": null, ""Put Support"": null, ""HVL"": null, ""1D Min"": null, ""1D Max"": null, ""Call Resistance 0DTE"": null, ""Put Support 0DTE"": null, ""HVL 0DTE"": null, ""Gamma Wall 0DTE"": null, ""GEX 1"": null, ""GEX 2"": null, ""GEX 3"": null, ""GEX 4"": null, ""GEX 5"": null, ""GEX 6"": null, ""GEX 7"": null, ""GEX 8"": null, ""GEX 9"": null, ""GEX 10"": null}",unknown,,,,,,False,before_0600,outside_cash,,,,,,,,,,,,,,,not_applicable_outside_hours,london
55d35239-b20e-5d1d-a225-aa52b4772d93,,,2026-01-08T11:28:00+00:00,25783.0,0.25,2026-01-08,,aeb8bad860db92863af8c5db289eb426dcf765061783264e1a527cd39dac9553,"{""Call Resistance"": null, ""Put Support"": null, ""HVL"": null, ""1D Min"": null, ""1D Max"": null, ""Call Resistance 0DTE"": null, ""Put Support 0DTE"": null, ""HVL 0DTE"": null, ""Gamma Wall 0DTE"": null, ""GEX 1"": null, ""GEX 2"": null, ""GEX 3"": null, ""GEX 4"": null, ""GEX 5"": null, ""GEX 6"": null, ""GEX 7"": null, ""GEX 8"": null, ""GEX 9"": null, ""GEX 10"": null}",unknown,,,,,,False,before_0600,outside_cash,,,,,,,,,,,,,,,not_applicable_outside_hours,london
f1da0a0d-aa41-5b07-867a-347cf1fcb54e,,,2026-01-09T13:08:00+00:00,25744.0,0.25,2026-01-09,2026-01-08,aeb8bad860db92863af8c5db289eb426dcf765061783264e1a527cd39dac9553,"{""Call Resistance"": 25900.0, ""Put Support"": 24500.0, ""HVL"": 25690.0, ""1D Min"": 25421.57, ""1D Max"": 26002.43, ""Call Resistance 0DTE"": 25900.0, ""Put Support 0DTE"": 25600.0, ""HVL 0DTE"": 25700.0, ""Gamma Wall 0DTE"": 25900.0, ""GEX 1"": 26000.0, ""GEX 2"": 25800.0, ""GEX 3"": 25500.0, ""GEX 4"": 25920.0, ""GEX 5"": 25425.0, ""GEX 6"": 26200.0, ""GEX 7"": 26250.0, ""GEX 8"": 25250.0, ""GEX 9"": 26100.0, ""GEX 10"": 25300.0}",positive,773956.3524888358,0.3563218390804598,290.4300000000003,,,True,,outside_cash,above,GEX 2,25800.0,56.0,0.1928175463967219,HVL 0DTE,25700.0,44.0,0.1514995007402815,False,0.17732327927555674,0.17732327927555674,False,False,evaluated,ny
a28c4d58-4a2e-5827-aa8e-7bd27ff16b37,,,2026-01-09T13:09:00+00:00,25746.0,0.25,2026-01-09,2026-01-08,aeb8bad860db92863af8c5db289eb426dcf765061783264e1a527cd39dac9553,"{""Call Resistance"": 25900.0, ""Put Support"": 24500.0, ""HVL"": 25690.0, ""1D Min"": 25421.57, ""1D Max"": 26002.43, ""Call Resistance 0DTE"": 25900.0, ""Put Support 0DTE"": 25600.0, ""HVL 0DTE"": 25700.0, ""Gamma Wall 0DTE"": 25900.0, ""GEX 1"": 26000.0, ""GEX 2"": 25800.0, ""GEX 3"": 25500.0, ""GEX 4"": 25920.0, ""GEX 5"": 25425.0, ""GEX 6"": 26200.0, ""GEX 7"": 26250.0, ""GEX 8"": 25250.0, ""GEX 9"": 26100.0, ""GEX 10"": 25300.0}",positive,773956.3524888358,0.3563218390804598,290.4300000000003,,,True,,outside_cash,above,GEX 2,25800.0,54.0,0.18593120545398184,HVL 0DTE,25700.0,46.0,0.15838584168302156,False,0.17904486451124177,0.17904486451124177,False,False,evaluated,ny
1d9ed886-2951-5fec-a6e0-d1661f1d626d,,,2026-01-13T03:00:00+00:00,25878.25,0.25,2026-01-12,,aeb8bad860db92863af8c5db289eb426dcf765061783264e1a527cd39dac9553,"{""Call Resistance"": null, ""Put Support"": null, ""HVL"": null, ""1D Min"": null, ""1D Max"": null, ""Call Resistance 0DTE"": null, ""Put Support 0DTE"": null, ""HVL 0DTE"": null, ""Gamma Wall 0DTE"": null, ""GEX 1"": null, ""GEX 2"": null, ""GEX 3"": null, ""GEX 4"": null, ""GEX 5"": null, ""GEX 6"": null, ""GEX 7"": null, ""GEX 8"": null, ""GEX 9"": null, ""GEX 10"": null}",unknown,,,,,,False,after_1700,outside_cash,,,,,,,,,,,,,,,not_applicable_outside_hours,asia
49a527b9-6c76-5cb3-a718-75042cd8aea3,,,2026-01-13T04:31:00+00:00,25883.75,0.25,2026-01-12,,aeb8bad860db92863af8c5db289eb426dcf765061783264e1a527cd39dac9553,"{""Call Resistance"": null, ""Put Support"": null, ""HVL"": null, ""1D Min"": null, ""1D Max"": null, ""Call Resistance 0DTE"": null, ""Put Support 0DTE"": null, ""HVL 0DTE"": null, ""Gamma Wall 0DTE"": null, ""GEX 1"": null, ""GEX 2"": null, ""GEX 3"": null, ""GEX 4"": null, ""GEX 5"": null, ""GEX 6"": null, ""GEX 7"": null, ""GEX 8"": null, ""GEX 9"": null, ""GEX 10"": null}",unknown,,,,,,False,after_1700,outside_cash,,,,,,,,,,,,,,,not_applicable_outside_hours,asia
e8d62428-517c-5863-8c0b-9db530dc2ef2,,,2026-01-13T04:31:00+00:00,25883.75,0.25,2026-01-12,,aeb8bad860db92863af8c5db289eb426dcf765061783264e1a527cd39dac9553,"{""Call Resistance"": null, ""Put Support"": null, ""HVL"": null, ""1D Min"": null, ""1D Max"": null, ""Call Resistance 0DTE"": null, ""Put Support 0DTE"": null, ""HVL 0DTE"": null, ""Gamma Wall 0DTE"": null, ""GEX 1"": null, ""GEX 2"": null, ""GEX 3"": null, ""GEX 4"": null, ""GEX 5"": null, ""GEX 6"": null, ""GEX 7"": null, ""GEX 8"": null, ""GEX 9"": null, ""GEX 10"": null}",unknown,,,,,,False,after_1700,outside_cash,,,,,,,,,,,,,,,not_applicable_outside_hours,asia
8da0925c-6335-5d21-8f48-20e1e62cec6f,,,2026-01-13T04:36:00+00:00,25883.5,0.25,2026-01-12,,aeb8bad860db92863af8c5db289eb426dcf765061783264e1a527cd39dac9553,"{""Call Resistance"": null, ""Put Support"": null, ""HVL"": null, ""1D Min"": null, ""1D Max"": null, ""Call Resistance 0DTE"": null, ""Put Support 0DTE"": null, ""HVL 0DTE"": null, ""Gamma Wall 0DTE"": null, ""GEX 1"": null, ""GEX 2"": null, ""GEX 3"": null, ""GEX 4"": null, ""GEX 5"": null, ""GEX 6"": null, ""GEX 7"": null, ""GEX 8"": null, ""GEX 9"": null, ""GEX 10"": null}",unknown,,,,,,False,after_1700,outside_cash,,,,,,,,,,,,,,,not_applicable_outside_hours,asia
028ca073-ea82-51c3-9fb4-e5ef96e6ee8e,,,2026-01-13T09:34:00+00:00,25925.5,0.25,2026-01-13,,aeb8bad860db92863af8c5db289eb426dcf765061783264e1a527cd39dac9553,"{""Call Resistance"": null, ""Put Support"": null, ""HVL"": null, ""1D Min"": null, ""1D Max"": null, ""Call Resistance 0DTE"": null, ""Put Support 0DTE"": null, ""HVL 0DTE"": null, ""Gamma Wall 0DTE"": null, ""GEX 1"": null, ""GEX 2"": null, ""GEX 3"": null, ""GEX 4"": null, ""GEX 5"": null, ""GEX 6"": null, ""GEX 7"": null, ""GEX 8"": null, ""GEX 9"": null, ""GEX 10"": null}",unknown,,,,,,False,before_0600,outside_cash,,,,,,,,,,,,,,,not_applicable_outside_hours,london
b5a52b3e-556d-5869-98ee-e85755ebc866,,,2026-01-13T23:02:00+00:00,25904.25,0.25,2026-01-13,,aeb8bad860db92863af8c5db289eb426dcf765061783264e1a527cd39dac9553,"{""Call Resistance"": null, ""Put Support"": null, ""HVL"": null, ""1D Min"": null, ""1D Max"": null, ""Call Resistance 0DTE"": null, ""Put Support 0DTE"": null, ""HVL 0DTE"": null, ""Gamma Wall 0DTE"": null, ""GEX 1"": null, ""GEX 2"": null, ""GEX 3"": null, ""GEX 4"": null, ""GEX 5"": null, ""GEX 6"": null, ""GEX 7"": null, ""GEX 8"": null, ""GEX 9"": null, ""GEX 10"": null}",unknown,,,,,,False,after_1700,outside_cash,,,,,,,,,,,,,,,not_applicable_outside_hours,asia
abfa3d16-1aa1-5904-8789-98f067ddd177,,,2026-01-13T23:02:00+00:00,25904.25,0.25,2026-01-13,,aeb8bad860db92863af8c5db289eb426dcf765061783264e1a527cd39dac9553,"{""Call Resistance"": null, ""Put Support"": null, ""HVL"": null, ""1D Min"": null, ""1D Max"": null, ""Call Resistance 0DTE"": null, ""Put Support 0DTE"": null, ""HVL 0DTE"": null, ""Gamma Wall 0DTE"": null, ""GEX 1"": null, ""GEX 2"": null, ""GEX 3"": null, ""GEX 4"": null, ""GEX 5"": null, ""GEX 6"": null, ""GEX 7"": null, ""GEX 8"": null, ""GEX 9"": null, ""GEX 10"": null}",unknown,,,,,,False,after_1700,outside_cash,,,,,,,,,,,,,,,not_applicable_outside_hours,asia
1905d2d3-87d0-5312-afbc-869cf49d89c2,,,2026-01-13T23:07:00+00:00,25910.25,0.25,2026-01-13,,aeb8bad860db92863af8c5db289eb426dcf765061783264e1a527cd39dac9553,"{""Call Resistance"": null, ""Put Support"": null, ""HVL"": null, ""1D Min"": null, ""1D Max"": null, ""Call Resistance 0DTE"": null, ""Put Support 0DTE"": null, ""HVL 0DTE"": null, ""Gamma Wall 0DTE"": null, ""GEX 1"": null, ""GEX 2"": null, ""GEX 3"": null, ""GEX 4"": null, ""GEX 5"": null, ""GEX 6"": null, ""GEX 7"": null, ""GEX 8"": null, ""GEX 9"": null, ""GEX 10"": null}",unknown,,,,,,False,after_1700,outside_cash,,,,,,,,,,,,,,,not_applicable_outside_hours,asia
4112a607-67ff-50f8-ab9d-f04d2593edf0,,,2026-01-13T23:22:00+00:00,25903.0,0.25,2026-01-13,,aeb8bad860db92863af8c5db289eb426dcf765061783264e1a527cd39dac9553,"{""Call Resistance"": null, ""Put Support"": null, ""HVL"": null, ""1D Min"": null, ""1D Max"": null, ""Call Resistance 0DTE"": null, ""Put Support 0DTE"": null, ""HVL 0DTE"": null, ""Gamma Wall 0DTE"": null, ""GEX 1"": null, ""GEX 2"": null, ""GEX 3"": null, ""GEX 4"": null, ""GEX 5"": null, ""GEX 6"": null, ""GEX 7"": null, ""GEX 8"": null, ""GEX 9"": null, ""GEX 10"": null}",unknown,,,,,,False,after_1700,outside_cash,,,,,,,,,,,,,,,not_applicable_outside_hours,asia
afb39192-8b93-59ba-bcc4-95ac46aa365c,,,2026-01-13T23:23:00+00:00,25900.25,0.25,2026-01-13,,aeb8bad860db92863af8c5db289eb426dcf765061783264e1a527cd39dac9553,"{""Call Resistance"": null, ""Put Support"": null, ""HVL"": null, ""1D Min"": null, ""1D Max"": null, ""Call Resistance 0DTE"": null, ""Put Support 0DTE"": null, ""HVL 0DTE"": null, ""Gamma Wall 0DTE"": null, ""GEX 1"": null, ""GEX 2"": null, ""GEX 3"": null, ""GEX 4"": null, ""GEX 5"": null, ""GEX 6"": null, ""GEX 7"": null, ""GEX 8"": null, ""GEX 9"": null, ""GEX 10"": null}",unknown,,,,,,False,after_1700,outside_cash,,,,,,,,,,,,,,,not_applicable_outside_hours,asia
83d4e7fb-4da7-5dec-bdf6-b2058d5aa86b,,,2026-01-13T23:32:00+00:00,25894.75,0.25,2026-01-13,,aeb8bad860db92863af8c5db289eb426dcf765061783264e1a527cd39dac9553,"{""Call Resistance"": null, ""Put Support"": null, ""HVL"": null, ""1D Min"": null, ""1D Max"": null, ""Call Resistance 0DTE"": null, ""Put Support 0DTE"": null, ""HVL 0DTE"": null, ""Gamma Wall 0DTE"": null, ""GEX 1"": null, ""GEX 2"": null, ""GEX 3"": null, ""GEX 4"": null, ""GEX 5"": null, ""GEX 6"": null, ""GEX 7"": null, ""GEX 8"": null, ""GEX 9"": null, ""GEX 10"": null}",unknown,,,,,,False,after_1700,outside_cash,,,,,,,,,,,,,,,not_applicable_outside_hours,asia
aa7ccd8b-4ee1-5a99-b7c4-d04997a3a7ef,,,2026-01-13T23:38:00+00:00,25896.0,0.25,2026-01-13,,aeb8bad860db92863af8c5db289eb426dcf765061783264e1a527cd39dac9553,"{""Call Resistance"": null, ""Put Support"": null, ""HVL"": null, ""1D Min"": null, ""1D Max"": null, ""Call Resistance 0DTE"": null, ""Put Support 0DTE"": null, ""HVL 0DTE"": null, ""Gamma Wall 0DTE"": null, ""GEX 1"": null, ""GEX 2"": null, ""GEX 3"": null, ""GEX 4"": null, ""GEX 5"": null, ""GEX 6"": null, ""GEX 7"": null, ""GEX 8"": null, ""GEX 9"": null, ""GEX 10"": null}",unknown,,,,,,False,after_1700,outside_cash,,,,,,,,,,,,,,,not_applicable_outside_hours,asia
ba931676-03c5-54b7-bbbc-412bf6906533,,,2026-01-13T23:54:00+00:00,25896.5,0.25,2026-01-13,,aeb8bad860db92863af8c5db289eb426dcf765061783264e1a527cd39dac9553,"{""Call Resistance"": null, ""Put Support"": null, ""HVL"": null, ""1D Min"": null, ""1D Max"": null, ""Call Resistance 0DTE"": null, ""Put Support 0DTE"": null, ""HVL 0DTE"": null, ""Gamma Wall 0DTE"": null, ""GEX 1"": null, ""GEX 2"": null, ""GEX 3"": null, ""GEX 4"": null, ""GEX 5"": null, ""GEX 6"": null, ""GEX 7"": null, ""GEX 8"": null, ""GEX 9"": null, ""GEX 10"": null}",unknown,,,,,,False,after_1700,outside_cash,,,,,,,,,,,,,,,not_applicable_outside_hours,asia
a3a39bc4-4881-599e-a721-22c2bb185f36,,,2026-01-14T00:03:00+00:00,25904.0,0.25,2026-01-13,,aeb8bad860db92863af8c5db289eb426dcf765061783264e1a527cd39dac9553,"{""Call Resistance"": null, ""Put Support"": null, ""HVL"": null, ""1D Min"": null, ""1D Max"": null, ""Call Resistance 0DTE"": null, ""Put Support 0DTE"": null, ""HVL 0DTE"": null, ""Gamma Wall 0DTE"": null, ""GEX 1"": null, ""GEX 2"": null, ""GEX 3"": null, ""GEX 4"": null, ""GEX 5"": null, ""GEX 6"": null, ""GEX 7"": null, ""GEX 8"": null, ""GEX 9"": null, ""GEX 10"": null}",unknown,,,,,,False,after_1700,outside_cash,,,,,,,,,,,,,,,not_applicable_outside_hours,asia
c65cab63-3447-513e-845f-882f01188e27,,,2026-01-14T00:10:00+00:00,25907.25,0.25,2026-01-13,,aeb8bad860db92863af8c5db289eb426dcf765061783264e1a527cd39dac9553,"{""Call Resistance"": null, ""Put Support"": null, ""HVL"": null, ""1D Min"": null, ""1D Max"": null, ""Call Resistance 0DTE"": null, ""Put Support 0DTE"": null, ""HVL 0DTE"": null, ""Gamma Wall 0DTE"": null, ""GEX 1"": null, ""GEX 2"": null, ""GEX 3"": null, ""GEX 4"": null, ""GEX 5"": null, ""GEX 6"": null, ""GEX 7"": null, ""GEX 8"": null, ""GEX 9"": null, ""GEX 10"": null}",unknown,,,,,,False,after_1700,outside_cash,,,,,,,,,,,,,,,not_applicable_outside_hours,asia
70513d71-8e69-5b55-8d56-af0c00a9e204,,,2026-01-14T00:13:00+00:00,25921.5,0.25,2026-01-13,,aeb8bad860db92863af8c5db289eb426dcf765061783264e1a527cd39dac9553,"{""Call Resistance"": null, ""Put Support"": null, ""HVL"": null, ""1D Min"": null, ""1D Max"": null, ""Call Resistance 0DTE"": null, ""Put Support 0DTE"": null, ""HVL 0DTE"": null, ""Gamma Wall 0DTE"": null, ""GEX 1"": null, ""GEX 2"": null, ""GEX 3"": null, ""GEX 4"": null, ""GEX 5"": null, ""GEX 6"": null, ""GEX 7"": null, ""GEX 8"": null, ""GEX 9"": null, ""GEX 10"": null}",unknown,,,,,,False,after_1700,outside_cash,,,,,,,,,,,,,,,not_applicable_outside_hours,asia
b35f9c12-27c8-5167-a791-705f9ea333d9,,,2026-01-15T08:54:00+00:00,25725.75,0.25,2026-01-15,,aeb8bad860db92863af8c5db289eb426dcf765061783264e1a527cd39dac9553,"{""Call Resistance"": null, ""Put Support"": null, ""HVL"": null, ""1D Min"": null, ""1D Max"": null, ""Call Resistance 0DTE"": null, ""Put Support 0DTE"": null, ""HVL 0DTE"": null, ""Gamma Wall 0DTE"": null, ""GEX 1"": null, ""GEX 2"": null, ""GEX 3"": null, ""GEX 4"": null, ""GEX 5"": null, ""GEX 6"": null, ""GEX 7"": null, ""GEX 8"": null, ""GEX 9"": null, ""GEX 10"": null}",unknown,,,,,,False,before_0600,outside_cash,,,,,,,,,,,,,,,not_applicable_outside_hours,london
f5542833-d75b-5f97-ba58-a38adf5ccc8d,,,2026-01-15T08:57:00+00:00,25737.25,0.25,2026-01-15,,aeb8bad860db92863af8c5db289eb426dcf765061783264e1a527cd39dac9553,"{""Call Resistance"": null, ""Put Support"": null, ""HVL"": null, ""1D Min"": null, ""1D Max"": null, ""Call Resistance 0DTE"": null, ""Put Support 0DTE"": null, ""HVL 0DTE"": null, ""Gamma Wall 0DTE"": null, ""GEX 1"": null, ""GEX 2"": null, ""GEX 3"": null, ""GEX 4"": null, ""GEX 5"": null, ""GEX 6"": null, ""GEX 7"": null, ""GEX 8"": null, ""GEX 9"": null, ""GEX 10"": null}",unknown,,,,,,False,before_0600,outside_cash,,,,,,,,,,,,,,,not_applicable_outside_hours,london
7b9bb7f7-e65b-55cf-9635-5a9c5d52396d,,,2026-01-15T08:58:00+00:00,25739.0,0.25,2026-01-15,,aeb8bad860db92863af8c5db289eb426dcf765061783264e1a527cd39dac9553,"{""Call Resistance"": null, ""Put Support"": null, ""HVL"": null, ""1D Min"": null, ""1D Max"": null, ""Call Resistance 0DTE"": null, ""Put Support 0DTE"": null, ""HVL 0DTE"": null, ""Gamma Wall 0DTE"": null, ""GEX 1"": null, ""GEX 2"": null, ""GEX 3"": null, ""GEX 4"": null, ""GEX 5"": null, ""GEX 6"": null, ""GEX 7"": null, ""GEX 8"": null, ""GEX 9"": null, ""GEX 10"": null}",unknown,,,,,,False,before_0600,outside_cash,,,,,,,,,,,,,,,not_applicable_outside_hours,london
9d0cc873-49f0-56a2-bbdc-360b4c0aef19,,,2026-01-15T09:05:00+00:00,25746.75,0.25,2026-01-15,,aeb8bad860db92863af8c5db289eb426dcf765061783264e1a527cd39dac9553,"{""Call Resistance"": null, ""Put Support"": null, ""HVL"": null, ""1D Min"": null, ""1D Max"": null, ""Call Resistance 0DTE"": null, ""Put Support 0DTE"": null, ""HVL 0DTE"": null, ""Gamma Wall 0DTE"": null, ""GEX 1"": null, ""GEX 2"": null, ""GEX 3"": null, ""GEX 4"": null, ""GEX 5"": null, ""GEX 6"": null, ""GEX 7"": null, ""GEX 8"": null, ""GEX 9"": null, ""GEX 10"": null}",unknown,,,,,,False,before_0600,outside_cash,,,,,,,,,,,,,,,not_applicable_outside_hours,london
d9dc04e2-a93a-5cbf-b6a9-c9984ac64496,,,2026-01-15T09:12:00+00:00,25776.5,0.25,2026-01-15,,aeb8bad860db92863af8c5db289eb426dcf765061783264e1a527cd39dac9553,"{""Call Resistance"": null, ""Put Support"": null, ""HVL"": null, ""1D Min"": null, ""1D Max"": null, ""Call Resistance 0DTE"": null, ""Put Support 0DTE"": null, ""HVL 0DTE"": null, ""Gamma Wall 0DTE"": null, ""GEX 1"": null, ""GEX 2"": null, ""GEX 3"": null, ""GEX 4"": null, ""GEX 5"": null, ""GEX 6"": null, ""GEX 7"": null, ""GEX 8"": null, ""GEX 9"": null, ""GEX 10"": null}",unknown,,,,,,False,before_0600,outside_cash,,,,,,,,,,,,,,,not_applicable_outside_hours,london
6ba8f165-ee31-5ddb-89ed-bb55bcb596ef,,,2026-01-15T09:22:00+00:00,25787.0,0.25,2026-01-15,,aeb8bad860db92863af8c5db289eb426dcf765061783264e1a527cd39dac9553,"{""Call Resistance"": null, ""Put Support"": null, ""HVL"": null, ""1D Min"": null, ""1D Max"": null, ""Call Resistance 0DTE"": null, ""Put Support 0DTE"": null, ""HVL 0DTE"": null, ""Gamma Wall 0DTE"": null, ""GEX 1"": null, ""GEX 2"": null, ""GEX 3"": null, ""GEX 4"": null, ""GEX 5"": null, ""GEX 6"": null, ""GEX 7"": null, ""GEX 8"": null, ""GEX 9"": null, ""GEX 10"": null}",unknown,,,,,,False,before_0600,outside_cash,,,,,,,,,,,,,,,not_applicable_outside_hours,london
6ec1008d-1829-59ab-888e-cbc7f81e822c,,,2026-01-15T09:24:00+00:00,25792.25,0.25,2026-01-15,,aeb8bad860db92863af8c5db289eb426dcf765061783264e1a527cd39dac9553,"{""Call Resistance"": null, ""Put Support"": null, ""HVL"": null, ""1D Min"": null, ""1D Max"": null, ""Call Resistance 0DTE"": null, ""Put Support 0DTE"": null, ""HVL 0DTE"": null, ""Gamma Wall 0DTE"": null, ""GEX 1"": null, ""GEX 2"": null, ""GEX 3"": null, ""GEX 4"": null, ""GEX 5"": null, ""GEX 6"": null, ""GEX 7"": null, ""GEX 8"": null, ""GEX 9"": null, ""GEX 10"": null}",unknown,,,,,,False,before_0600,outside_cash,,,,,,,,,,,,,,,not_applicable_outside_hours,london
4f010a37-6e71-5827-ac6a-8b93ed702eb4,,,2026-01-15T09:32:00+00:00,25808.25,0.25,2026-01-15,,aeb8bad860db92863af8c5db289eb426dcf765061783264e1a527cd39dac9553,"{""Call Resistance"": null, ""Put Support"": null, ""HVL"": null, ""1D Min"": null, ""1D Max"": null, ""Call Resistance 0DTE"": null, ""Put Support 0DTE"": null, ""HVL 0DTE"": null, ""Gamma Wall 0DTE"": null, ""GEX 1"": null, ""GEX 2"": null, ""GEX 3"": null, ""GEX 4"": null, ""GEX 5"": null, ""GEX 6"": null, ""GEX 7"": null, ""GEX 8"": null, ""GEX 9"": null, ""GEX 10"": null}",unknown,,,,,,False,before_0600,outside_cash,,,,,,,,,,,,,,,not_applicable_outside_hours,london
c5d7cf7b-8086-57e1-9089-3687b1ad0357,,,2026-01-15T10:11:00+00:00,25823.25,0.25,2026-01-15,,aeb8bad860db92863af8c5db289eb426dcf765061783264e1a527cd39dac9553,"{""Call Resistance"": null, ""Put Support"": null, ""HVL"": null, ""1D Min"": null, ""1D Max"": null, ""Call Resistance 0DTE"": null, ""Put Support 0DTE"": null, ""HVL 0DTE"": null, ""Gamma Wall 0DTE"": null, ""GEX 1"": null, ""GEX 2"": null, ""GEX 3"": null, ""GEX 4"": null, ""GEX 5"": null, ""GEX 6"": null, ""GEX 7"": null, ""GEX 8"": null, ""GEX 9"": null, ""GEX 10"": null}",unknown,,,,,,False,before_0600,outside_cash,,,,,,,,,,,,,,,not_applicable_outside_hours,london
72f791f4-a0bf-54bc-bca1-913c3ca0bbab,,,2026-01-15T10:12:00+00:00,25828.0,0.25,2026-01-15,,aeb8bad860db92863af8c5db289eb426dcf765061783264e1a527cd39dac9553,"{""Call Resistance"": null, ""Put Support"": null, ""HVL"": null, ""1D Min"": null, ""1D Max"": null, ""Call Resistance 0DTE"": null, ""Put Support 0DTE"": null, ""HVL 0DTE"": null, ""Gamma Wall 0DTE"": null, ""GEX 1"": null, ""GEX 2"": null, ""GEX 3"": null, ""GEX 4"": null, ""GEX 5"": null, ""GEX 6"": null, ""GEX 7"": null, ""GEX 8"": null, ""GEX 9"": null, ""GEX 10"": null}",unknown,,,,,,False,before_0600,outside_cash,,,,,,,,,,,,,,,not_applicable_outside_hours,london
c5918d5e-e924-57c9-a8e9-54c0b887172e,,,2026-01-21T19:00:00+00:00,25283.25,0.25,2026-01-21,2026-01-20,aeb8bad860db92863af8c5db289eb426dcf765061783264e1a527cd39dac9553,"{""Call Resistance"": 25400.0, ""Put Support"": 25000.0, ""HVL"": 25275.0, ""1D Min"": 24817.12, ""1D Max"": 25468.38, ""Call Resistance 0DTE"": 25300.0, ""Put Support 0DTE"": 25100.0, ""HVL 0DTE"": 25200.0, ""Gamma Wall 0DTE"": 25300.0, ""GEX 1"": 24900.0, ""GEX 2"": 25250.0, ""GEX 3"": 24950.0, ""GEX 4"": 25150.0, ""GEX 5"": 25325.0, ""GEX 6"": 24500.0, ""GEX 7"": 24750.0, ""GEX 8"": 24800.0, ""GEX 9"": 25500.0, ""GEX 10"": 24600.0}",negative,-3053538.878774997,0.02681992337164751,325.630000000001,,,True,,s3_1200_1330,above,Call Resistance 0DTE|Gamma Wall 0DTE,25300.0,16.75,0.0514387495009672,HVL,25275.0,8.25,0.025335503485551008,False,0.42840033166477154,0.42840033166477154,True,False,evaluated,none
eca4154b-8441-5858-87a4-c7e64ab63cb9,,,2026-01-21T19:04:00+00:00,25268.0,0.25,2026-01-21,2026-01-20,aeb8bad860db92863af8c5db289eb426dcf765061783264e1a527cd39dac9553,"{""Call Resistance"": 25400.0, ""Put Support"": 25000.0, ""HVL"": 25275.0, ""1D Min"": 24817.12, ""1D Max"": 25468.38, ""Call Resistance 0DTE"": 25300.0, ""Put Support 0DTE"": 25100.0, ""HVL 0DTE"": 25200.0, ""Gamma Wall 0DTE"": 25300.0, ""GEX 1"": 24900.0, ""GEX 2"": 25250.0, ""GEX 3"": 24950.0, ""GEX 4"": 25150.0, ""GEX 5"": 25325.0, ""GEX 6"": 24500.0, ""GEX 7"": 24750.0, ""GEX 8"": 24800.0, ""GEX 9"": 25500.0, ""GEX 10"": 24600.0}",negative,-3053538.878774997,0.02681992337164751,325.630000000001,,,True,,s3_1200_1330,below,HVL,25275.0,7.0,0.021496790836225098,GEX 2,25250.0,18.0,0.055277462150293104,False,0.43147130178423226,0.43147130178423226,True,False,evaluated,none
e8b00ca0-56c8-5732-9e07-d320a6a25ef2,,,2026-02-01T23:15:00+00:00,25442.0,0.25,2026-02-01,,aeb8bad860db92863af8c5db289eb426dcf765061783264e1a527cd39dac9553,"{""Call Resistance"": null, ""Put Support"": null, ""HVL"": null, ""1D Min"": null, ""1D Max"": null, ""Call Resistance 0DTE"": null, ""Put Support 0DTE"": null, ""HVL 0DTE"": null, ""Gamma Wall 0DTE"": null, ""GEX 1"": null, ""GEX 2"": null, ""GEX 3"": null, ""GEX 4"": null, ""GEX 5"": null, ""GEX 6"": null, ""GEX 7"": null, ""GEX 8"": null, ""GEX 9"": null, ""GEX 10"": null}",unknown,,,,,,False,after_1700,outside_cash,,,,,,,,,,,,,,,not_applicable_outside_hours,asia
67dd5e7d-e5c2-5468-bcbe-49d0850c18c5,,,2026-02-01T23:15:00+00:00,25442.0,0.25,2026-02-01,,aeb8bad860db92863af8c5db289eb426dcf765061783264e1a527cd39dac9553,"{""Call Resistance"": null, ""Put Support"": null, ""HVL"": null, ""1D Min"": null, ""1D Max"": null, ""Call Resistance 0DTE"": null, ""Put Support 0DTE"": null, ""HVL 0DTE"": null, ""Gamma Wall 0DTE"": null, ""GEX 1"": null, ""GEX 2"": null, ""GEX 3"": null, ""GEX 4"": null, ""GEX 5"": null, ""GEX 6"": null, ""GEX 7"": null, ""GEX 8"": null, ""GEX 9"": null, ""GEX 10"": null}",unknown,,,,,,False,after_1700,outside_cash,,,,,,,,,,,,,,,not_applicable_outside_hours,asia
7054d50a-278f-5d28-8e08-2bbfaab487ed,,,2026-02-01T23:33:00+00:00,25480.0,0.25,2026-02-01,,aeb8bad860db92863af8c5db289eb426dcf765061783264e1a527cd39dac9553,"{""Call Resistance"": null, ""Put Support"": null, ""HVL"": null, ""1D Min"": null, ""1D Max"": null, ""Call Resistance 0DTE"": null, ""Put Support 0DTE"": null, ""HVL 0DTE"": null, ""Gamma Wall 0DTE"": null, ""GEX 1"": null, ""GEX 2"": null, ""GEX 3"": null, ""GEX 4"": null, ""GEX 5"": null, ""GEX 6"": null, ""GEX 7"": null, ""GEX 8"": null, ""GEX 9"": null, ""GEX 10"": null}",unknown,,,,,,False,after_1700,outside_cash,,,,,,,,,,,,,,,not_applicable_outside_hours,asia
2710659e-8931-5333-a6ed-7cedc1ac15b3,,,2026-02-01T23:35:00+00:00,25489.5,0.25,2026-02-01,,aeb8bad860db92863af8c5db289eb426dcf765061783264e1a527cd39dac9553,"{""Call Resistance"": null, ""Put Support"": null, ""HVL"": null, ""1D Min"": null, ""1D Max"": null, ""Call Resistance 0DTE"": null, ""Put Support 0DTE"": null, ""HVL 0DTE"": null, ""Gamma Wall 0DTE"": null, ""GEX 1"": null, ""GEX 2"": null, ""GEX 3"": null, ""GEX 4"": null, ""GEX 5"": null, ""GEX 6"": null, ""GEX 7"": null, ""GEX 8"": null, ""GEX 9"": null, ""GEX 10"": null}",unknown,,,,,,False,after_1700,outside_cash,,,,,,,,,,,,,,,not_applicable_outside_hours,asia
8ae48377-b0f6-5be6-95d8-c4083f08aaa0,,,2026-02-01T23:37:00+00:00,25525.0,0.25,2026-02-01,,aeb8bad860db92863af8c5db289eb426dcf765061783264e1a527cd39dac9553,"{""Call Resistance"": null, ""Put Support"": null, ""HVL"": null, ""1D Min"": null, ""1D Max"": null, ""Call Resistance 0DTE"": null, ""Put Support 0DTE"": null, ""HVL 0DTE"": null, ""Gamma Wall 0DTE"": null, ""GEX 1"": null, ""GEX 2"": null, ""GEX 3"": null, ""GEX 4"": null, ""GEX 5"": null, ""GEX 6"": null, ""GEX 7"": null, ""GEX 8"": null, ""GEX 9"": null, ""GEX 10"": null}",unknown,,,,,,False,after_1700,outside_cash,,,,,,,,,,,,,,,not_applicable_outside_hours,asia
4d4ed35b-bec2-5ed2-8b1f-776ea1fb766b,,,2026-02-01T23:38:00+00:00,25522.25,0.25,2026-02-01,,aeb8bad860db92863af8c5db289eb426dcf765061783264e1a527cd39dac9553,"{""Call Resistance"": null, ""Put Support"": null, ""HVL"": null, ""1D Min"": null, ""1D Max"": null, ""Call Resistance 0DTE"": null, ""Put Support 0DTE"": null, ""HVL 0DTE"": null, ""Gamma Wall 0DTE"": null, ""GEX 1"": null, ""GEX 2"": null, ""GEX 3"": null, ""GEX 4"": null, ""GEX 5"": null, ""GEX 6"": null, ""GEX 7"": null, ""GEX 8"": null, ""GEX 9"": null, ""GEX 10"": null}",unknown,,,,,,False,after_1700,outside_cash,,,,,,,,,,,,,,,not_applicable_outside_hours,asia
cbc5a91d-7e22-5c3d-81b3-1b15c6eef149,,,2026-02-01T23:45:00+00:00,25544.5,0.25,2026-02-01,,aeb8bad860db92863af8c5db289eb426dcf765061783264e1a527cd39dac9553,"{""Call Resistance"": null, ""Put Support"": null, ""HVL"": null, ""1D Min"": null, ""1D Max"": null, ""Call Resistance 0DTE"": null, ""Put Support 0DTE"": null, ""HVL 0DTE"": null, ""Gamma Wall 0DTE"": null, ""GEX 1"": null, ""GEX 2"": null, ""GEX 3"": null, ""GEX 4"": null, ""GEX 5"": null, ""GEX 6"": null, ""GEX 7"": null, ""GEX 8"": null, ""GEX 9"": null, ""GEX 10"": null}",unknown,,,,,,False,after_1700,outside_cash,,,,,,,,,,,,,,,not_applicable_outside_hours,asia
c18bfde2-065d-5ea0-82d2-4e2056c3f6f7,,,2026-02-01T23:46:00+00:00,25549.25,0.25,2026-02-01,,aeb8bad860db92863af8c5db289eb426dcf765061783264e1a527cd39dac9553,"{""Call Resistance"": null, ""Put Support"": null, ""HVL"": null, ""1D Min"": null, ""1D Max"": null, ""Call Resistance 0DTE"": null, ""Put Support 0DTE"": null, ""HVL 0DTE"": null, ""Gamma Wall 0DTE"": null, ""GEX 1"": null, ""GEX 2"": null, ""GEX 3"": null, ""GEX 4"": null, ""GEX 5"": null, ""GEX 6"": null, ""GEX 7"": null, ""GEX 8"": null, ""GEX 9"": null, ""GEX 10"": null}",unknown,,,,,,False,after_1700,outside_cash,,,,,,,,,,,,,,,not_applicable_outside_hours,asia
da7c84de-4a2b-59f1-8700-1c97a9e3abf4,,,2026-02-01T23:54:00+00:00,25545.25,0.25,2026-02-01,,aeb8bad860db92863af8c5db289eb426dcf765061783264e1a527cd39dac9553,"{""Call Resistance"": null, ""Put Support"": null, ""HVL"": null, ""1D Min"": null, ""1D Max"": null, ""Call Resistance 0DTE"": null, ""Put Support 0DTE"": null, ""HVL 0DTE"": null, ""Gamma Wall 0DTE"": null, ""GEX 1"": null, ""GEX 2"": null, ""GEX 3"": null, ""GEX 4"": null, ""GEX 5"": null, ""GEX 6"": null, ""GEX 7"": null, ""GEX 8"": null, ""GEX 9"": null, ""GEX 10"": null}",unknown,,,,,,False,after_1700,outside_cash,,,,,,,,,,,,,,,not_applicable_outside_hours,asia
d5363881-67ca-5b1c-9add-b35cd799307c,,,2026-02-02T00:10:00+00:00,25563.5,0.25,2026-02-01,,aeb8bad860db92863af8c5db289eb426dcf765061783264e1a527cd39dac9553,"{""Call Resistance"": null, ""Put Support"": null, ""HVL"": null, ""1D Min"": null, ""1D Max"": null, ""Call Resistance 0DTE"": null, ""Put Support 0DTE"": null, ""HVL 0DTE"": null, ""Gamma Wall 0DTE"": null, ""GEX 1"": null, ""GEX 2"": null, ""GEX 3"": null, ""GEX 4"": null, ""GEX 5"": null, ""GEX 6"": null, ""GEX 7"": null, ""GEX 8"": null, ""GEX 9"": null, ""GEX 10"": null}",unknown,,,,,,False,after_1700,outside_cash,,,,,,,,,,,,,,,not_applicable_outside_hours,asia
1bc1bd2c-674e-5dcd-aed1-921e860fa328,,,2026-02-02T00:14:00+00:00,25588.75,0.25,2026-02-01,,aeb8bad860db92863af8c5db289eb426dcf765061783264e1a527cd39dac9553,"{""Call Resistance"": null, ""Put Support"": null, ""HVL"": null, ""1D Min"": null, ""1D Max"": null, ""Call Resistance 0DTE"": null, ""Put Support 0DTE"": null, ""HVL 0DTE"": null, ""Gamma Wall 0DTE"": null, ""GEX 1"": null, ""GEX 2"": null, ""GEX 3"": null, ""GEX 4"": null, ""GEX 5"": null, ""GEX 6"": null, ""GEX 7"": null, ""GEX 8"": null, ""GEX 9"": null, ""GEX 10"": null}",unknown,,,,,,False,after_1700,outside_cash,,,,,,,,,,,,,,,not_applicable_outside_hours,asia
87cc7cc5-cc75-5097-8c15-f0b177655150,,,2026-02-02T00:28:00+00:00,25623.0,0.25,2026-02-01,,aeb8bad860db92863af8c5db289eb426dcf765061783264e1a527cd39dac9553,"{""Call Resistance"": null, ""Put Support"": null, ""HVL"": null, ""1D Min"": null, ""1D Max"": null, ""Call Resistance 0DTE"": null, ""Put Support 0DTE"": null, ""HVL 0DTE"": null, ""Gamma Wall 0DTE"": null, ""GEX 1"": null, ""GEX 2"": null, ""GEX 3"": null, ""GEX 4"": null, ""GEX 5"": null, ""GEX 6"": null, ""GEX 7"": null, ""GEX 8"": null, ""GEX 9"": null, ""GEX 10"": null}",unknown,,,,,,False,after_1700,outside_cash,,,,,,,,,,,,,,,not_applicable_outside_hours,asia
83073702-6052-55d0-89c4-8ccc3d526d0d,,,2026-02-03T23:27:00+00:00,25411.25,0.25,2026-02-03,,aeb8bad860db92863af8c5db289eb426dcf765061783264e1a527cd39dac9553,"{""Call Resistance"": null, ""Put Support"": null, ""HVL"": null, ""1D Min"": null, ""1D Max"": null, ""Call Resistance 0DTE"": null, ""Put Support 0DTE"": null, ""HVL 0DTE"": null, ""Gamma Wall 0DTE"": null, ""GEX 1"": null, ""GEX 2"": null, ""GEX 3"": null, ""GEX 4"": null, ""GEX 5"": null, ""GEX 6"": null, ""GEX 7"": null, ""GEX 8"": null, ""GEX 9"": null, ""GEX 10"": null}",unknown,,,,,,False,after_1700,outside_cash,,,,,,,,,,,,,,,not_applicable_outside_hours,asia
09afd405-7a6f-5cd7-9644-f8312653bcce,,,2026-02-04T01:58:00+00:00,25436.25,0.25,2026-02-03,,aeb8bad860db92863af8c5db289eb426dcf765061783264e1a527cd39dac9553,"{""Call Resistance"": null, ""Put Support"": null, ""HVL"": null, ""1D Min"": null, ""1D Max"": null, ""Call Resistance 0DTE"": null, ""Put Support 0DTE"": null, ""HVL 0DTE"": null, ""Gamma Wall 0DTE"": null, ""GEX 1"": null, ""GEX 2"": null, ""GEX 3"": null, ""GEX 4"": null, ""GEX 5"": null, ""GEX 6"": null, ""GEX 7"": null, ""GEX 8"": null, ""GEX 9"": null, ""GEX 10"": null}",unknown,,,,,,False,after_1700,outside_cash,,,,,,,,,,,,,,,not_applicable_outside_hours,asia
a34c781a-1bac-5139-a8da-eba199ee6527,,,2026-02-04T01:59:00+00:00,25440.0,0.25,2026-02-03,,aeb8bad860db92863af8c5db289eb426dcf765061783264e1a527cd39dac9553,"{""Call Resistance"": null, ""Put Support"": null, ""HVL"": null, ""1D Min"": null, ""1D Max"": null, ""Call Resistance 0DTE"": null, ""Put Support 0DTE"": null, ""HVL 0DTE"": null, ""Gamma Wall 0DTE"": null, ""GEX 1"": null, ""GEX 2"": null, ""GEX 3"": null, ""GEX 4"": null, ""GEX 5"": null, ""GEX 6"": null, ""GEX 7"": null, ""GEX 8"": null, ""GEX 9"": null, ""GEX 10"": null}",unknown,,,,,,False,after_1700,outside_cash,,,,,,,,,,,,,,,not_applicable_outside_hours,asia
3eb258e8-027a-5d6c-aa2e-25dd9938788f,,,2026-02-04T02:02:00+00:00,25455.0,0.25,2026-02-03,,aeb8bad860db92863af8c5db289eb426dcf765061783264e1a527cd39dac9553,"{""Call Resistance"": null, ""Put Support"": null, ""HVL"": null, ""1D Min"": null, ""1D Max"": null, ""Call Resistance 0DTE"": null, ""Put Support 0DTE"": null, ""HVL 0DTE"": null, ""Gamma Wall 0DTE"": null, ""GEX 1"": null, ""GEX 2"": null, ""GEX 3"": null, ""GEX 4"": null, ""GEX 5"": null, ""GEX 6"": null, ""GEX 7"": null, ""GEX 8"": null, ""GEX 9"": null, ""GEX 10"": null}",unknown,,,,,,False,after_1700,outside_cash,,,,,,,,,,,,,,,not_applicable_outside_hours,asia
4005341c-ada9-5752-a7d2-c5b6850d0496,,,2026-02-04T02:07:00+00:00,25470.5,0.25,2026-02-03,,aeb8bad860db92863af8c5db289eb426dcf765061783264e1a527cd39dac9553,"{""Call Resistance"": null, ""Put Support"": null, ""HVL"": null, ""1D Min"": null, ""1D Max"": null, ""Call Resistance 0DTE"": null, ""Put Support 0DTE"": null, ""HVL 0DTE"": null, ""Gamma Wall 0DTE"": null, ""GEX 1"": null, ""GEX 2"": null, ""GEX 3"": null, ""GEX 4"": null, ""GEX 5"": null, ""GEX 6"": null, ""GEX 7"": null, ""GEX 8"": null, ""GEX 9"": null, ""GEX 10"": null}",unknown,,,,,,False,after_1700,outside_cash,,,,,,,,,,,,,,,not_applicable_outside_hours,asia
340b6374-9724-538e-bc54-e44443cfa5b7,,,2026-02-04T02:28:00+00:00,25418.0,0.25,2026-02-03,,aeb8bad860db92863af8c5db289eb426dcf765061783264e1a527cd39dac9553,"{""Call Resistance"": null, ""Put Support"": null, ""HVL"": null, ""1D Min"": null, ""1D Max"": null, ""Call Resistance 0DTE"": null, ""Put Support 0DTE"": null, ""HVL 0DTE"": null, ""Gamma Wall 0DTE"": null, ""GEX 1"": null, ""GEX 2"": null, ""GEX 3"": null, ""GEX 4"": null, ""GEX 5"": null, ""GEX 6"": null, ""GEX 7"": null, ""GEX 8"": null, ""GEX 9"": null, ""GEX 10"": null}",unknown,,,,,,False,after_1700,outside_cash,,,,,,,,,,,,,,,not_applicable_outside_hours,asia
0c010649-31b7-5b5e-a136-2d2b0e890361,,,2026-02-04T02:32:00+00:00,25428.25,0.25,2026-02-03,,aeb8bad860db92863af8c5db289eb426dcf765061783264e1a527cd39dac9553,"{""Call Resistance"": null, ""Put Support"": null, ""HVL"": null, ""1D Min"": null, ""1D Max"": null, ""Call Resistance 0DTE"": null, ""Put Support 0DTE"": null, ""HVL 0DTE"": null, ""Gamma Wall 0DTE"": null, ""GEX 1"": null, ""GEX 2"": null, ""GEX 3"": null, ""GEX 4"": null, ""GEX 5"": null, ""GEX 6"": null, ""GEX 7"": null, ""GEX 8"": null, ""GEX 9"": null, ""GEX 10"": null}",unknown,,,,,,False,after_1700,outside_cash,,,,,,,,,,,,,,,not_applicable_outside_hours,asia
0b700d4f-d7f9-5721-98da-e0205ad81868,,,2026-02-04T02:56:00+00:00,25419.5,0.25,2026-02-03,,aeb8bad860db92863af8c5db289eb426dcf765061783264e1a527cd39dac9553,"{""Call Resistance"": null, ""Put Support"": null, ""HVL"": null, ""1D Min"": null, ""1D Max"": null, ""Call Resistance 0DTE"": null, ""Put Support 0DTE"": null, ""HVL 0DTE"": null, ""Gamma Wall 0DTE"": null, ""GEX 1"": null, ""GEX 2"": null, ""GEX 3"": null, ""GEX 4"": null, ""GEX 5"": null, ""GEX 6"": null, ""GEX 7"": null, ""GEX 8"": null, ""GEX 9"": null, ""GEX 10"": null}",unknown,,,,,,False,after_1700,outside_cash,,,,,,,,,,,,,,,not_applicable_outside_hours,asia
c9968553-a703-53a4-a80a-768e946b0a89,,,2026-02-04T03:12:00+00:00,25430.25,0.25,2026-02-03,,aeb8bad860db92863af8c5db289eb426dcf765061783264e1a527cd39dac9553,"{""Call Resistance"": null, ""Put Support"": null, ""HVL"": null, ""1D Min"": null, ""1D Max"": null, ""Call Resistance 0DTE"": null, ""Put Support 0DTE"": null, ""HVL 0DTE"": null, ""Gamma Wall 0DTE"": null, ""GEX 1"": null, ""GEX 2"": null, ""GEX 3"": null, ""GEX 4"": null, ""GEX 5"": null, ""GEX 6"": null, ""GEX 7"": null, ""GEX 8"": null, ""GEX 9"": null, ""GEX 10"": null}",unknown,,,,,,False,after_1700,outside_cash,,,,,,,,,,,,,,,not_applicable_outside_hours,asia
9b93ea0b-d5fd-5817-b430-202eb9fa5ac5,,,2026-02-04T03:13:00+00:00,25425.0,0.25,2026-02-03,,aeb8bad860db92863af8c5db289eb426dcf765061783264e1a527cd39dac9553,"{""Call Resistance"": null, ""Put Support"": null, ""HVL"": null, ""1D Min"": null, ""1D Max"": null, ""Call Resistance 0DTE"": null, ""Put Support 0DTE"": null, ""HVL 0DTE"": null, ""Gamma Wall 0DTE"": null, ""GEX 1"": null, ""GEX 2"": null, ""GEX 3"": null, ""GEX 4"": null, ""GEX 5"": null, ""GEX 6"": null, ""GEX 7"": null, ""GEX 8"": null, ""GEX 9"": null, ""GEX 10"": null}",unknown,,,,,,False,after_1700,outside_cash,,,,,,,,,,,,,,,not_applicable_outside_hours,asia
f10aa379-00fc-5dc7-b8ff-987d1573dc18,,,2026-02-06T05:23:00+00:00,24479.25,0.25,2026-02-05,,aeb8bad860db92863af8c5db289eb426dcf765061783264e1a527cd39dac9553,"{""Call Resistance"": null, ""Put Support"": null, ""HVL"": null, ""1D Min"": null, ""1D Max"": null, ""Call Resistance 0DTE"": null, ""Put Support 0DTE"": null, ""HVL 0DTE"": null, ""Gamma Wall 0DTE"": null, ""GEX 1"": null, ""GEX 2"": null, ""GEX 3"": null, ""GEX 4"": null, ""GEX 5"": null, ""GEX 6"": null, ""GEX 7"": null, ""GEX 8"": null, ""GEX 9"": null, ""GEX 10"": null}",unknown,,,,,,False,after_1700,outside_cash,,,,,,,,,,,,,,,not_applicable_outside_hours,asia
e3f32da3-b9fa-5b7b-83ac-5bbcfc1d3a44,,,2026-02-06T05:25:00+00:00,24474.25,0.25,2026-02-05,,aeb8bad860db92863af8c5db289eb426dcf765061783264e1a527cd39dac9553,"{""Call Resistance"": null, ""Put Support"": null, ""HVL"": null, ""1D Min"": null, ""1D Max"": null, ""Call Resistance 0DTE"": null, ""Put Support 0DTE"": null, ""HVL 0DTE"": null, ""Gamma Wall 0DTE"": null, ""GEX 1"": null, ""GEX 2"": null, ""GEX 3"": null, ""GEX 4"": null, ""GEX 5"": null, ""GEX 6"": null, ""GEX 7"": null, ""GEX 8"": null, ""GEX 9"": null, ""GEX 10"": null}",unknown,,,,,,False,after_1700,outside_cash,,,,,,,,,,,,,,,not_applicable_outside_hours,asia
fa6d0431-9a1e-54dc-8c02-348a9034ad4e,,,2026-02-06T05:29:00+00:00,24488.75,0.25,2026-02-05,,aeb8bad860db92863af8c5db289eb426dcf765061783264e1a527cd39dac9553,"{""Call Resistance"": null, ""Put Support"": null, ""HVL"": null, ""1D Min"": null, ""1D Max"": null, ""Call Resistance 0DTE"": null, ""Put Support 0DTE"": null, ""HVL 0DTE"": null, ""Gamma Wall 0DTE"": null, ""GEX 1"": null, ""GEX 2"": null, ""GEX 3"": null, ""GEX 4"": null, ""GEX 5"": null, ""GEX 6"": null, ""GEX 7"": null, ""GEX 8"": null, ""GEX 9"": null, ""GEX 10"": null}",unknown,,,,,,False,after_1700,outside_cash,,,,,,,,,,,,,,,not_applicable_outside_hours,asia
56c3109e-dc0c-57bc-b715-62fd09eb2143,,,2026-02-06T05:32:00+00:00,24506.0,0.25,2026-02-05,,aeb8bad860db92863af8c5db289eb426dcf765061783264e1a527cd39dac9553,"{""Call Resistance"": null, ""Put Support"": null, ""HVL"": null, ""1D Min"": null, ""1D Max"": null, ""Call Resistance 0DTE"": null, ""Put Support 0DTE"": null, ""HVL 0DTE"": null, ""Gamma Wall 0DTE"": null, ""GEX 1"": null, ""GEX 2"": null, ""GEX 3"": null, ""GEX 4"": null, ""GEX 5"": null, ""GEX 6"": null, ""GEX 7"": null, ""GEX 8"": null, ""GEX 9"": null, ""GEX 10"": null}",unknown,,,,,,False,after_1700,outside_cash,,,,,,,,,,,,,,,not_applicable_outside_hours,asia
1562193c-0990-56e4-bd1f-a78265f0973b,,,2026-02-06T05:33:00+00:00,24515.0,0.25,2026-02-05,,aeb8bad860db92863af8c5db289eb426dcf765061783264e1a527cd39dac9553,"{""Call Resistance"": null, ""Put Support"": null, ""HVL"": null, ""1D Min"": null, ""1D Max"": null, ""Call Resistance 0DTE"": null, ""Put Support 0DTE"": null, ""HVL 0DTE"": null, ""Gamma Wall 0DTE"": null, ""GEX 1"": null, ""GEX 2"": null, ""GEX 3"": null, ""GEX 4"": null, ""GEX 5"": null, ""GEX 6"": null, ""GEX 7"": null, ""GEX 8"": null, ""GEX 9"": null, ""GEX 10"": null}",unknown,,,,,,False,after_1700,outside_cash,,,,,,,,,,,,,,,not_applicable_outside_hours,asia
064de830-1256-524c-9873-24c35dfaf713,,,2026-02-06T05:36:00+00:00,24537.5,0.25,2026-02-05,,aeb8bad860db92863af8c5db289eb426dcf765061783264e1a527cd39dac9553,"{""Call Resistance"": null, ""Put Support"": null, ""HVL"": null, ""1D Min"": null, ""1D Max"": null, ""Call Resistance 0DTE"": null, ""Put Support 0DTE"": null, ""HVL 0DTE"": null, ""Gamma Wall 0DTE"": null, ""GEX 1"": null, ""GEX 2"": null, ""GEX 3"": null, ""GEX 4"": null, ""GEX 5"": null, ""GEX 6"": null, ""GEX 7"": null, ""GEX 8"": null, ""GEX 9"": null, ""GEX 10"": null}",unknown,,,,,,False,after_1700,outside_cash,,,,,,,,,,,,,,,not_applicable_outside_hours,asia
addd0e74-e8e4-55c7-9e2a-0052333ee824,,,2026-02-06T05:37:00+00:00,24548.5,0.25,2026-02-05,,aeb8bad860db92863af8c5db289eb426dcf765061783264e1a527cd39dac9553,"{""Call Resistance"": null, ""Put Support"": null, ""HVL"": null, ""1D Min"": null, ""1D Max"": null, ""Call Resistance 0DTE"": null, ""Put Support 0DTE"": null, ""HVL 0DTE"": null, ""Gamma Wall 0DTE"": null, ""GEX 1"": null, ""GEX 2"": null, ""GEX 3"": null, ""GEX 4"": null, ""GEX 5"": null, ""GEX 6"": null, ""GEX 7"": null, ""GEX 8"": null, ""GEX 9"": null, ""GEX 10"": null}",unknown,,,,,,False,after_1700,outside_cash,,,,,,,,,,,,,,,not_applicable_outside_hours,asia
505582ca-2e53-5896-872d-055db248ee11,,,2026-02-06T05:38:00+00:00,24553.25,0.25,2026-02-05,,aeb8bad860db92863af8c5db289eb426dcf765061783264e1a527cd39dac9553,"{""Call Resistance"": null, ""Put Support"": null, ""HVL"": null, ""1D Min"": null, ""1D Max"": null, ""Call Resistance 0DTE"": null, ""Put Support 0DTE"": null, ""HVL 0DTE"": null, ""Gamma Wall 0DTE"": null, ""GEX 1"": null, ""GEX 2"": null, ""GEX 3"": null, ""GEX 4"": null, ""GEX 5"": null, ""GEX 6"": null, ""GEX 7"": null, ""GEX 8"": null, ""GEX 9"": null, ""GEX 10"": null}",unknown,,,,,,False,after_1700,outside_cash,,,,,,,,,,,,,,,not_applicable_outside_hours,asia
9e461b1f-bffb-5cd4-bce6-c4031bcbbc6e,,,2026-02-06T05:43:00+00:00,24553.25,0.25,2026-02-05,,aeb8bad860db92863af8c5db289eb426dcf765061783264e1a527cd39dac9553,"{""Call Resistance"": null, ""Put Support"": null, ""HVL"": null, ""1D Min"": null, ""1D Max"": null, ""Call Resistance 0DTE"": null, ""Put Support 0DTE"": null, ""HVL 0DTE"": null, ""Gamma Wall 0DTE"": null, ""GEX 1"": null, ""GEX 2"": null, ""GEX 3"": null, ""GEX 4"": null, ""GEX 5"": null, ""GEX 6"": null, ""GEX 7"": null, ""GEX 8"": null, ""GEX 9"": null, ""GEX 10"": null}",unknown,,,,,,False,after_1700,outside_cash,,,,,,,,,,,,,,,not_applicable_outside_hours,asia
56f0ab50-e773-5c9d-b960-606fec8cff04,,,2026-02-06T05:52:00+00:00,24563.5,0.25,2026-02-05,,aeb8bad860db92863af8c5db289eb426dcf765061783264e1a527cd39dac9553,"{""Call Resistance"": null, ""Put Support"": null, ""HVL"": null, ""1D Min"": null, ""1D Max"": null, ""Call Resistance 0DTE"": null, ""Put Support 0DTE"": null, ""HVL 0DTE"": null, ""Gamma Wall 0DTE"": null, ""GEX 1"": null, ""GEX 2"": null, ""GEX 3"": null, ""GEX 4"": null, ""GEX 5"": null, ""GEX 6"": null, ""GEX 7"": null, ""GEX 8"": null, ""GEX 9"": null, ""GEX 10"": null}",unknown,,,,,,False,after_1700,outside_cash,,,,,,,,,,,,,,,not_applicable_outside_hours,asia
ad8e2d8f-cd21-5212-b295-a83cec8a07b6,,,2026-02-06T05:54:00+00:00,24592.0,0.25,2026-02-05,,aeb8bad860db92863af8c5db289eb426dcf765061783264e1a527cd39dac9553,"{""Call Resistance"": null, ""Put Support"": null, ""HVL"": null, ""1D Min"": null, ""1D Max"": null, ""Call Resistance 0DTE"": null, ""Put Support 0DTE"": null, ""HVL 0DTE"": null, ""Gamma Wall 0DTE"": null, ""GEX 1"": null, ""GEX 2"": null, ""GEX 3"": null, ""GEX 4"": null, ""GEX 5"": null, ""GEX 6"": null, ""GEX 7"": null, ""GEX 8"": null, ""GEX 9"": null, ""GEX 10"": null}",unknown,,,,,,False,after_1700,outside_cash,,,,,,,,,,,,,,,not_applicable_outside_hours,asia
652c8fef-2a5e-5256-9df7-dabbfc7e4d63,,,2026-02-06T05:55:00+00:00,24595.0,0.25,2026-02-05,,aeb8bad860db92863af8c5db289eb426dcf765061783264e1a527cd39dac9553,"{""Call Resistance"": null, ""Put Support"": null, ""HVL"": null, ""1D Min"": null, ""1D Max"": null, ""Call Resistance 0DTE"": null, ""Put Support 0DTE"": null, ""HVL 0DTE"": null, ""Gamma Wall 0DTE"": null, ""GEX 1"": null, ""GEX 2"": null, ""GEX 3"": null, ""GEX 4"": null, ""GEX 5"": null, ""GEX 6"": null, ""GEX 7"": null, ""GEX 8"": null, ""GEX 9"": null, ""GEX 10"": null}",unknown,,,,,,False,after_1700,outside_cash,,,,,,,,,,,,,,,not_applicable_outside_hours,asia
b7b0941f-ba55-52f5-a69d-993c21665ee8,,,2026-02-06T06:03:00+00:00,24605.5,0.25,2026-02-06,,aeb8bad860db92863af8c5db289eb426dcf765061783264e1a527cd39dac9553,"{""Call Resistance"": null, ""Put Support"": null, ""HVL"": null, ""1D Min"": null, ""1D Max"": null, ""Call Resistance 0DTE"": null, ""Put Support 0DTE"": null, ""HVL 0DTE"": null, ""Gamma Wall 0DTE"": null, ""GEX 1"": null, ""GEX 2"": null, ""GEX 3"": null, ""GEX 4"": null, ""GEX 5"": null, ""GEX 6"": null, ""GEX 7"": null, ""GEX 8"": null, ""GEX 9"": null, ""GEX 10"": null}",unknown,,,,,,False,before_0600,outside_cash,,,,,,,,,,,,,,,not_applicable_outside_hours,asia
32efe620-4cdb-5e46-ac6e-2b08e5f7dde7,,,2026-02-06T06:04:00+00:00,24598.75,0.25,2026-02-06,,aeb8bad860db92863af8c5db289eb426dcf765061783264e1a527cd39dac9553,"{""Call Resistance"": null, ""Put Support"": null, ""HVL"": null, ""1D Min"": null, ""1D Max"": null, ""Call Resistance 0DTE"": null, ""Put Support 0DTE"": null, ""HVL 0DTE"": null, ""Gamma Wall 0DTE"": null, ""GEX 1"": null, ""GEX 2"": null, ""GEX 3"": null, ""GEX 4"": null, ""GEX 5"": null, ""GEX 6"": null, ""GEX 7"": null, ""GEX 8"": null, ""GEX 9"": null, ""GEX 10"": null}",unknown,,,,,,False,before_0600,outside_cash,,,,,,,,,,,,,,,not_applicable_outside_hours,asia
a4cf625c-866f-5351-a258-95d10db7b598,,,2026-02-06T06:08:00+00:00,24598.25,0.25,2026-02-06,,aeb8bad860db92863af8c5db289eb426dcf765061783264e1a527cd39dac9553,"{""Call Resistance"": null, ""Put Support"": null, ""HVL"": null, ""1D Min"": null, ""1D Max"": null, ""Call Resistance 0DTE"": null, ""Put Support 0DTE"": null, ""HVL 0DTE"": null, ""Gamma Wall 0DTE"": null, ""GEX 1"": null, ""GEX 2"": null, ""GEX 3"": null, ""GEX 4"": null, ""GEX 5"": null, ""GEX 6"": null, ""GEX 7"": null, ""GEX 8"": null, ""GEX 9"": null, ""GEX 10"": null}",unknown,,,,,,False,before_0600,outside_cash,,,,,,,,,,,,,,,not_applicable_outside_hours,asia
b4654d0c-6ffa-5a84-8399-d58a8f1d3263,,,2026-02-06T06:24:00+00:00,24602.25,0.25,2026-02-06,,aeb8bad860db92863af8c5db289eb426dcf765061783264e1a527cd39dac9553,"{""Call Resistance"": null, ""Put Support"": null, ""HVL"": null, ""1D Min"": null, ""1D Max"": null, ""Call Resistance 0DTE"": null, ""Put Support 0DTE"": null, ""HVL 0DTE"": null, ""Gamma Wall 0DTE"": null, ""GEX 1"": null, ""GEX 2"": null, ""GEX 3"": null, ""GEX 4"": null, ""GEX 5"": null, ""GEX 6"": null, ""GEX 7"": null, ""GEX 8"": null, ""GEX 9"": null, ""GEX 10"": null}",unknown,,,,,,False,before_0600,outside_cash,,,,,,,,,,,,,,,not_applicable_outside_hours,asia
2fd2c9e4-4175-5c02-abbb-ecb033edd699,,,2026-02-06T06:30:00+00:00,24596.75,0.25,2026-02-06,,aeb8bad860db92863af8c5db289eb426dcf765061783264e1a527cd39dac9553,"{""Call Resistance"": null, ""Put Support"": null, ""HVL"": null, ""1D Min"": null, ""1D Max"": null, ""Call Resistance 0DTE"": null, ""Put Support 0DTE"": null, ""HVL 0DTE"": null, ""Gamma Wall 0DTE"": null, ""GEX 1"": null, ""GEX 2"": null, ""GEX 3"": null, ""GEX 4"": null, ""GEX 5"": null, ""GEX 6"": null, ""GEX 7"": null, ""GEX 8"": null, ""GEX 9"": null, ""GEX 10"": null}",unknown,,,,,,False,before_0600,outside_cash,,,,,,,,,,,,,,,not_applicable_outside_hours,asia
a208126e-f9f7-5be4-8790-b8f9e6aa442a,,,2026-02-06T06:31:00+00:00,24611.25,0.25,2026-02-06,,aeb8bad860db92863af8c5db289eb426dcf765061783264e1a527cd39dac9553,"{""Call Resistance"": null, ""Put Support"": null, ""HVL"": null, ""1D Min"": null, ""1D Max"": null, ""Call Resistance 0DTE"": null, ""Put Support 0DTE"": null, ""HVL 0DTE"": null, ""Gamma Wall 0DTE"": null, ""GEX 1"": null, ""GEX 2"": null, ""GEX 3"": null, ""GEX 4"": null, ""GEX 5"": null, ""GEX 6"": null, ""GEX 7"": null, ""GEX 8"": null, ""GEX 9"": null, ""GEX 10"": null}",unknown,,,,,,False,before_0600,outside_cash,,,,,,,,,,,,,,,not_applicable_outside_hours,asia
eedf69ee-ae0f-5f35-a811-0f131935017a,,,2026-02-09T05:36:00+00:00,25222.25,0.25,2026-02-08,,aeb8bad860db92863af8c5db289eb426dcf765061783264e1a527cd39dac9553,"{""Call Resistance"": null, ""Put Support"": null, ""HVL"": null, ""1D Min"": null, ""1D Max"": null, ""Call Resistance 0DTE"": null, ""Put Support 0DTE"": null, ""HVL 0DTE"": null, ""Gamma Wall 0DTE"": null, ""GEX 1"": null, ""GEX 2"": null, ""GEX 3"": null, ""GEX 4"": null, ""GEX 5"": null, ""GEX 6"": null, ""GEX 7"": null, ""GEX 8"": null, ""GEX 9"": null, ""GEX 10"": null}",unknown,,,,,,False,after_1700,outside_cash,,,,,,,,,,,,,,,not_applicable_outside_hours,asia
ce21b730-0c13-57fd-8892-3d5e0905fd90,,,2026-02-09T05:40:00+00:00,25213.0,0.25,2026-02-08,,aeb8bad860db92863af8c5db289eb426dcf765061783264e1a527cd39dac9553,"{""Call Resistance"": null, ""Put Support"": null, ""HVL"": null, ""1D Min"": null, ""1D Max"": null, ""Call Resistance 0DTE"": null, ""Put Support 0DTE"": null, ""HVL 0DTE"": null, ""Gamma Wall 0DTE"": null, ""GEX 1"": null, ""GEX 2"": null, ""GEX 3"": null, ""GEX 4"": null, ""GEX 5"": null, ""GEX 6"": null, ""GEX 7"": null, ""GEX 8"": null, ""GEX 9"": null, ""GEX 10"": null}",unknown,,,,,,False,after_1700,outside_cash,,,,,,,,,,,,,,,not_applicable_outside_hours,asia
4e6ed060-026c-5b11-9218-649e61014772,,,2026-02-10T02:01:00+00:00,25331.0,0.25,2026-02-09,,aeb8bad860db92863af8c5db289eb426dcf765061783264e1a527cd39dac9553,"{""Call Resistance"": null, ""Put Support"": null, ""HVL"": null, ""1D Min"": null, ""1D Max"": null, ""Call Resistance 0DTE"": null, ""Put Support 0DTE"": null, ""HVL 0DTE"": null, ""Gamma Wall 0DTE"": null, ""GEX 1"": null, ""GEX 2"": null, ""GEX 3"": null, ""GEX 4"": null, ""GEX 5"": null, ""GEX 6"": null, ""GEX 7"": null, ""GEX 8"": null, ""GEX 9"": null, ""GEX 10"": null}",unknown,,,,,,False,after_1700,outside_cash,,,,,,,,,,,,,,,not_applicable_outside_hours,asia
c1e3c600-2c19-5758-b66c-2f5f1d84ea79,,,2026-02-10T02:08:00+00:00,25331.75,0.25,2026-02-09,,aeb8bad860db92863af8c5db289eb426dcf765061783264e1a527cd39dac9553,"{""Call Resistance"": null, ""Put Support"": null, ""HVL"": null, ""1D Min"": null, ""1D Max"": null, ""Call Resistance 0DTE"": null, ""Put Support 0DTE"": null, ""HVL 0DTE"": null, ""Gamma Wall 0DTE"": null, ""GEX 1"": null, ""GEX 2"": null, ""GEX 3"": null, ""GEX 4"": null, ""GEX 5"": null, ""GEX 6"": null, ""GEX 7"": null, ""GEX 8"": null, ""GEX 9"": null, ""GEX 10"": null}",unknown,,,,,,False,after_1700,outside_cash,,,,,,,,,,,,,,,not_applicable_outside_hours,asia
684e154a-559e-502a-a12f-113eea08da11,,,2026-02-10T04:05:00+00:00,25310.0,0.25,2026-02-09,,aeb8bad860db92863af8c5db289eb426dcf765061783264e1a527cd39dac9553,"{""Call Resistance"": null, ""Put Support"": null, ""HVL"": null, ""1D Min"": null, ""1D Max"": null, ""Call Resistance 0DTE"": null, ""Put Support 0DTE"": null, ""HVL 0DTE"": null, ""Gamma Wall 0DTE"": null, ""GEX 1"": null, ""GEX 2"": null, ""GEX 3"": null, ""GEX 4"": null, ""GEX 5"": null, ""GEX 6"": null, ""GEX 7"": null, ""GEX 8"": null, ""GEX 9"": null, ""GEX 10"": null}",unknown,,,,,,False,after_1700,outside_cash,,,,,,,,,,,,,,,not_applicable_outside_hours,asia
92a94c9c-da2b-5819-9f08-dc476f8ecb34,,,2026-02-10T04:12:00+00:00,25319.5,0.25,2026-02-09,,aeb8bad860db92863af8c5db289eb426dcf765061783264e1a527cd39dac9553,"{""Call Resistance"": null, ""Put Support"": null, ""HVL"": null, ""1D Min"": null, ""1D Max"": null, ""Call Resistance 0DTE"": null, ""Put Support 0DTE"": null, ""HVL 0DTE"": null, ""Gamma Wall 0DTE"": null, ""GEX 1"": null, ""GEX 2"": null, ""GEX 3"": null, ""GEX 4"": null, ""GEX 5"": null, ""GEX 6"": null, ""GEX 7"": null, ""GEX 8"": null, ""GEX 9"": null, ""GEX 10"": null}",unknown,,,,,,False,after_1700,outside_cash,,,,,,,,,,,,,,,not_applicable_outside_hours,asia
e5ca716d-7c4b-5a4a-8ef0-57b8436f54bd,,,2026-02-10T04:21:00+00:00,25321.0,0.25,2026-02-09,,aeb8bad860db92863af8c5db289eb426dcf765061783264e1a527cd39dac9553,"{""Call Resistance"": null, ""Put Support"": null, ""HVL"": null, ""1D Min"": null, ""1D Max"": null, ""Call Resistance 0DTE"": null, ""Put Support 0DTE"": null, ""HVL 0DTE"": null, ""Gamma Wall 0DTE"": null, ""GEX 1"": null, ""GEX 2"": null, ""GEX 3"": null, ""GEX 4"": null, ""GEX 5"": null, ""GEX 6"": null, ""GEX 7"": null, ""GEX 8"": null, ""GEX 9"": null, ""GEX 10"": null}",unknown,,,,,,False,after_1700,outside_cash,,,,,,,,,,,,,,,not_applicable_outside_hours,asia
b0dc30d2-1837-50a3-b760-135286d6d7a5,,,2026-02-10T04:22:00+00:00,25323.0,0.25,2026-02-09,,aeb8bad860db92863af8c5db289eb426dcf765061783264e1a527cd39dac9553,"{""Call Resistance"": null, ""Put Support"": null, ""HVL"": null, ""1D Min"": null, ""1D Max"": null, ""Call Resistance 0DTE"": null, ""Put Support 0DTE"": null, ""HVL 0DTE"": null, ""Gamma Wall 0DTE"": null, ""GEX 1"": null, ""GEX 2"": null, ""GEX 3"": null, ""GEX 4"": null, ""GEX 5"": null, ""GEX 6"": null, ""GEX 7"": null, ""GEX 8"": null, ""GEX 9"": null, ""GEX 10"": null}",unknown,,,,,,False,after_1700,outside_cash,,,,,,,,,,,,,,,not_applicable_outside_hours,asia
a95801ca-96a0-56bd-ab76-8b83c0b89992,,,2026-02-10T04:35:00+00:00,25322.5,0.25,2026-02-09,,aeb8bad860db92863af8c5db289eb426dcf765061783264e1a527cd39dac9553,"{""Call Resistance"": null, ""Put Support"": null, ""HVL"": null, ""1D Min"": null, ""1D Max"": null, ""Call Resistance 0DTE"": null, ""Put Support 0DTE"": null, ""HVL 0DTE"": null, ""Gamma Wall 0DTE"": null, ""GEX 1"": null, ""GEX 2"": null, ""GEX 3"": null, ""GEX 4"": null, ""GEX 5"": null, ""GEX 6"": null, ""GEX 7"": null, ""GEX 8"": null, ""GEX 9"": null, ""GEX 10"": null}",unknown,,,,,,False,after_1700,outside_cash,,,,,,,,,,,,,,,not_applicable_outside_hours,asia
2ca47c0c-b987-5912-84a6-a08312374494,,,2026-02-10T04:36:00+00:00,25324.75,0.25,2026-02-09,,aeb8bad860db92863af8c5db289eb426dcf765061783264e1a527cd39dac9553,"{""Call Resistance"": null, ""Put Support"": null, ""HVL"": null, ""1D Min"": null, ""1D Max"": null, ""Call Resistance 0DTE"": null, ""Put Support 0DTE"": null, ""HVL 0DTE"": null, ""Gamma Wall 0DTE"": null, ""GEX 1"": null, ""GEX 2"": null, ""GEX 3"": null, ""GEX 4"": null, ""GEX 5"": null, ""GEX 6"": null, ""GEX 7"": null, ""GEX 8"": null, ""GEX 9"": null, ""GEX 10"": null}",unknown,,,,,,False,after_1700,outside_cash,,,,,,,,,,,,,,,not_applicable_outside_hours,asia
b2dbac02-77d2-5722-ad26-9dd27b44f597,,,2026-02-10T04:49:00+00:00,25333.25,0.25,2026-02-09,,aeb8bad860db92863af8c5db289eb426dcf765061783264e1a527cd39dac9553,"{""Call Resistance"": null, ""Put Support"": null, ""HVL"": null, ""1D Min"": null, ""1D Max"": null, ""Call Resistance 0DTE"": null, ""Put Support 0DTE"": null, ""HVL 0DTE"": null, ""Gamma Wall 0DTE"": null, ""GEX 1"": null, ""GEX 2"": null, ""GEX 3"": null, ""GEX 4"": null, ""GEX 5"": null, ""GEX 6"": null, ""GEX 7"": null, ""GEX 8"": null, ""GEX 9"": null, ""GEX 10"": null}",unknown,,,,,,False,after_1700,outside_cash,,,,,,,,,,,,,,,not_applicable_outside_hours,asia
aaaf398d-1141-5b9e-9ca9-39662c6a0eb9,,,2026-02-10T04:50:00+00:00,25332.5,0.25,2026-02-09,,aeb8bad860db92863af8c5db289eb426dcf765061783264e1a527cd39dac9553,"{""Call Resistance"": null, ""Put Support"": null, ""HVL"": null, ""1D Min"": null, ""1D Max"": null, ""Call Resistance 0DTE"": null, ""Put Support 0DTE"": null, ""HVL 0DTE"": null, ""Gamma Wall 0DTE"": null, ""GEX 1"": null, ""GEX 2"": null, ""GEX 3"": null, ""GEX 4"": null, ""GEX 5"": null, ""GEX 6"": null, ""GEX 7"": null, ""GEX 8"": null, ""GEX 9"": null, ""GEX 10"": null}",unknown,,,,,,False,after_1700,outside_cash,,,,,,,,,,,,,,,not_applicable_outside_hours,asia
9b78d821-6525-5e7a-9a8c-f5f06f717ecc,,,2026-02-10T04:54:00+00:00,25337.0,0.25,2026-02-09,,aeb8bad860db92863af8c5db289eb426dcf765061783264e1a527cd39dac9553,"{""Call Resistance"": null, ""Put Support"": null, ""HVL"": null, ""1D Min"": null, ""1D Max"": null, ""Call Resistance 0DTE"": null, ""Put Support 0DTE"": null, ""HVL 0DTE"": null, ""Gamma Wall 0DTE"": null, ""GEX 1"": null, ""GEX 2"": null, ""GEX 3"": null, ""GEX 4"": null, ""GEX 5"": null, ""GEX 6"": null, ""GEX 7"": null, ""GEX 8"": null, ""GEX 9"": null, ""GEX 10"": null}",unknown,,,,,,False,after_1700,outside_cash,,,,,,,,,,,,,,,not_applicable_outside_hours,asia
54751345-b763-559f-bdf9-0740e43ad839,,,2026-02-10T05:52:00+00:00,25352.5,0.25,2026-02-09,,aeb8bad860db92863af8c5db289eb426dcf765061783264e1a527cd39dac9553,"{""Call Resistance"": null, ""Put Support"": null, ""HVL"": null, ""1D Min"": null, ""1D Max"": null, ""Call Resistance 0DTE"": null, ""Put Support 0DTE"": null, ""HVL 0DTE"": null, ""Gamma Wall 0DTE"": null, ""GEX 1"": null, ""GEX 2"": null, ""GEX 3"": null, ""GEX 4"": null, ""GEX 5"": null, ""GEX 6"": null, ""GEX 7"": null, ""GEX 8"": null, ""GEX 9"": null, ""GEX 10"": null}",unknown,,,,,,False,after_1700,outside_cash,,,,,,,,,,,,,,,not_applicable_outside_hours,asia
35f7da49-6ee1-5119-b054-9c5a348e6cb0,,,2026-02-10T05:53:00+00:00,25354.5,0.25,2026-02-09,,aeb8bad860db92863af8c5db289eb426dcf765061783264e1a527cd39dac9553,"{""Call Resistance"": null, ""Put Support"": null, ""HVL"": null, ""1D Min"": null, ""1D Max"": null, ""Call Resistance 0DTE"": null, ""Put Support 0DTE"": null, ""HVL 0DTE"": null, ""Gamma Wall 0DTE"": null, ""GEX 1"": null, ""GEX 2"": null, ""GEX 3"": null, ""GEX 4"": null, ""GEX 5"": null, ""GEX 6"": null, ""GEX 7"": null, ""GEX 8"": null, ""GEX 9"": null, ""GEX 10"": null}",unknown,,,,,,False,after_1700,outside_cash,,,,,,,,,,,,,,,not_applicable_outside_hours,asia
988e419b-5d6d-5c4e-bcec-75aa89c8c6a6,,,2026-02-10T06:02:00+00:00,25345.25,0.25,2026-02-10,,aeb8bad860db92863af8c5db289eb426dcf765061783264e1a527cd39dac9553,"{""Call Resistance"": null, ""Put Support"": null, ""HVL"": null, ""1D Min"": null, ""1D Max"": null, ""Call Resistance 0DTE"": null, ""Put Support 0DTE"": null, ""HVL 0DTE"": null, ""Gamma Wall 0DTE"": null, ""GEX 1"": null, ""GEX 2"": null, ""GEX 3"": null, ""GEX 4"": null, ""GEX 5"": null, ""GEX 6"": null, ""GEX 7"": null, ""GEX 8"": null, ""GEX 9"": null, ""GEX 10"": null}",unknown,,,,,,False,before_0600,outside_cash,,,,,,,,,,,,,,,not_applicable_outside_hours,asia
32c91c2d-ebe7-55ab-a527-634aec57bb9a,,,2026-02-10T07:30:00+00:00,25332.5,0.25,2026-02-10,,aeb8bad860db92863af8c5db289eb426dcf765061783264e1a527cd39dac9553,"{""Call Resistance"": null, ""Put Support"": null, ""HVL"": null, ""1D Min"": null, ""1D Max"": null, ""Call Resistance 0DTE"": null, ""Put Support 0DTE"": null, ""HVL 0DTE"": null, ""Gamma Wall 0DTE"": null, ""GEX 1"": null, ""GEX 2"": null, ""GEX 3"": null, ""GEX 4"": null, ""GEX 5"": null, ""GEX 6"": null, ""GEX 7"": null, ""GEX 8"": null, ""GEX 9"": null, ""GEX 10"": null}",unknown,,,,,,False,before_0600,outside_cash,,,,,,,,,,,,,,,not_applicable_outside_hours,london
54bde829-0790-5b48-b49d-bf04191513d5,,,2026-02-10T07:31:00+00:00,25330.0,0.25,2026-02-10,,aeb8bad860db92863af8c5db289eb426dcf765061783264e1a527cd39dac9553,"{""Call Resistance"": null, ""Put Support"": null, ""HVL"": null, ""1D Min"": null, ""1D Max"": null, ""Call Resistance 0DTE"": null, ""Put Support 0DTE"": null, ""HVL 0DTE"": null, ""Gamma Wall 0DTE"": null, ""GEX 1"": null, ""GEX 2"": null, ""GEX 3"": null, ""GEX 4"": null, ""GEX 5"": null, ""GEX 6"": null, ""GEX 7"": null, ""GEX 8"": null, ""GEX 9"": null, ""GEX 10"": null}",unknown,,,,,,False,before_0600,outside_cash,,,,,,,,,,,,,,,not_applicable_outside_hours,london
fa504ed8-624f-5fa3-81a3-44e9e03e845c,,,2026-02-10T07:37:00+00:00,25342.75,0.25,2026-02-10,,aeb8bad860db92863af8c5db289eb426dcf765061783264e1a527cd39dac9553,"{""Call Resistance"": null, ""Put Support"": null, ""HVL"": null, ""1D Min"": null, ""1D Max"": null, ""Call Resistance 0DTE"": null, ""Put Support 0DTE"": null, ""HVL 0DTE"": null, ""Gamma Wall 0DTE"": null, ""GEX 1"": null, ""GEX 2"": null, ""GEX 3"": null, ""GEX 4"": null, ""GEX 5"": null, ""GEX 6"": null, ""GEX 7"": null, ""GEX 8"": null, ""GEX 9"": null, ""GEX 10"": null}",unknown,,,,,,False,before_0600,outside_cash,,,,,,,,,,,,,,,not_applicable_outside_hours,london
90779be7-6123-54bd-a6dc-1632e4bfef9f,,,2026-02-10T07:38:00+00:00,25336.5,0.25,2026-02-10,,aeb8bad860db92863af8c5db289eb426dcf765061783264e1a527cd39dac9553,"{""Call Resistance"": null, ""Put Support"": null, ""HVL"": null, ""1D Min"": null, ""1D Max"": null, ""Call Resistance 0DTE"": null, ""Put Support 0DTE"": null, ""HVL 0DTE"": null, ""Gamma Wall 0DTE"": null, ""GEX 1"": null, ""GEX 2"": null, ""GEX 3"": null, ""GEX 4"": null, ""GEX 5"": null, ""GEX 6"": null, ""GEX 7"": null, ""GEX 8"": null, ""GEX 9"": null, ""GEX 10"": null}",unknown,,,,,,False,before_0600,outside_cash,,,,,,,,,,,,,,,not_applicable_outside_hours,london
9149bd26-e8dc-56e3-9b78-76b4f80aecce,,,2026-02-10T08:01:00+00:00,25355.25,0.25,2026-02-10,,aeb8bad860db92863af8c5db289eb426dcf765061783264e1a527cd39dac9553,"{""Call Resistance"": null, ""Put Support"": null, ""HVL"": null, ""1D Min"": null, ""1D Max"": null, ""Call Resistance 0DTE"": null, ""Put Support 0DTE"": null, ""HVL 0DTE"": null, ""Gamma Wall 0DTE"": null, ""GEX 1"": null, ""GEX 2"": null, ""GEX 3"": null, ""GEX 4"": null, ""GEX 5"": null, ""GEX 6"": null, ""GEX 7"": null, ""GEX 8"": null, ""GEX 9"": null, ""GEX 10"": null}",unknown,,,,,,False,before_0600,outside_cash,,,,,,,,,,,,,,,not_applicable_outside_hours,london
c05c9b15-21be-5d6e-ab3c-074eba0c66d7,,,2026-02-10T08:06:00+00:00,25344.75,0.25,2026-02-10,,aeb8bad860db92863af8c5db289eb426dcf765061783264e1a527cd39dac9553,"{""Call Resistance"": null, ""Put Support"": null, ""HVL"": null, ""1D Min"": null, ""1D Max"": null, ""Call Resistance 0DTE"": null, ""Put Support 0DTE"": null, ""HVL 0DTE"": null, ""Gamma Wall 0DTE"": null, ""GEX 1"": null, ""GEX 2"": null, ""GEX 3"": null, ""GEX 4"": null, ""GEX 5"": null, ""GEX 6"": null, ""GEX 7"": null, ""GEX 8"": null, ""GEX 9"": null, ""GEX 10"": null}",unknown,,,,,,False,before_0600,outside_cash,,,,,,,,,,,,,,,not_applicable_outside_hours,london
df51c9d8-3b70-57a4-8e95-227631ad290e,,,2026-02-10T08:07:00+00:00,25348.0,0.25,2026-02-10,,aeb8bad860db92863af8c5db289eb426dcf765061783264e1a527cd39dac9553,"{""Call Resistance"": null, ""Put Support"": null, ""HVL"": null, ""1D Min"": null, ""1D Max"": null, ""Call Resistance 0DTE"": null, ""Put Support 0DTE"": null, ""HVL 0DTE"": null, ""Gamma Wall 0DTE"": null, ""GEX 1"": null, ""GEX 2"": null, ""GEX 3"": null, ""GEX 4"": null, ""GEX 5"": null, ""GEX 6"": null, ""GEX 7"": null, ""GEX 8"": null, ""GEX 9"": null, ""GEX 10"": null}",unknown,,,,,,False,before_0600,outside_cash,,,,,,,,,,,,,,,not_applicable_outside_hours,london
95c0a0b6-0391-5c3d-825b-23c083b6b17a,,,2026-02-10T08:12:00+00:00,25353.0,0.25,2026-02-10,,aeb8bad860db92863af8c5db289eb426dcf765061783264e1a527cd39dac9553,"{""Call Resistance"": null, ""Put Support"": null, ""HVL"": null, ""1D Min"": null, ""1D Max"": null, ""Call Resistance 0DTE"": null, ""Put Support 0DTE"": null, ""HVL 0DTE"": null, ""Gamma Wall 0DTE"": null, ""GEX 1"": null, ""GEX 2"": null, ""GEX 3"": null, ""GEX 4"": null, ""GEX 5"": null, ""GEX 6"": null, ""GEX 7"": null, ""GEX 8"": null, ""GEX 9"": null, ""GEX 10"": null}",unknown,,,,,,False,before_0600,outside_cash,,,,,,,,,,,,,,,not_applicable_outside_hours,london
850cd7b5-03ee-591b-8799-0b2ecd5be065,,,2026-02-10T08:14:00+00:00,25359.0,0.25,2026-02-10,,aeb8bad860db92863af8c5db289eb426dcf765061783264e1a527cd39dac9553,"{""Call Resistance"": null, ""Put Support"": null, ""HVL"": null, ""1D Min"": null, ""1D Max"": null, ""Call Resistance 0DTE"": null, ""Put Support 0DTE"": null, ""HVL 0DTE"": null, ""Gamma Wall 0DTE"": null, ""GEX 1"": null, ""GEX 2"": null, ""GEX 3"": null, ""GEX 4"": null, ""GEX 5"": null, ""GEX 6"": null, ""GEX 7"": null, ""GEX 8"": null, ""GEX 9"": null, ""GEX 10"": null}",unknown,,,,,,False,before_0600,outside_cash,,,,,,,,,,,,,,,not_applicable_outside_hours,london
37168b9a-a643-5f39-8263-cef899b409ff,,,2026-02-10T08:24:00+00:00,25355.0,0.25,2026-02-10,,aeb8bad860db92863af8c5db289eb426dcf765061783264e1a527cd39dac9553,"{""Call Resistance"": null, ""Put Support"": null, ""HVL"": null, ""1D Min"": null, ""1D Max"": null, ""Call Resistance 0DTE"": null, ""Put Support 0DTE"": null, ""HVL 0DTE"": null, ""Gamma Wall 0DTE"": null, ""GEX 1"": null, ""GEX 2"": null, ""GEX 3"": null, ""GEX 4"": null, ""GEX 5"": null, ""GEX 6"": null, ""GEX 7"": null, ""GEX 8"": null, ""GEX 9"": null, ""GEX 10"": null}",unknown,,,,,,False,before_0600,outside_cash,,,,,,,,,,,,,,,not_applicable_outside_hours,london
a3849d82-fecb-5cb3-8424-41b8cf50307b,,,2026-02-10T08:26:00+00:00,25358.5,0.25,2026-02-10,,aeb8bad860db92863af8c5db289eb426dcf765061783264e1a527cd39dac9553,"{""Call Resistance"": null, ""Put Support"": null, ""HVL"": null, ""1D Min"": null, ""1D Max"": null, ""Call Resistance 0DTE"": null, ""Put Support 0DTE"": null, ""HVL 0DTE"": null, ""Gamma Wall 0DTE"": null, ""GEX 1"": null, ""GEX 2"": null, ""GEX 3"": null, ""GEX 4"": null, ""GEX 5"": null, ""GEX 6"": null, ""GEX 7"": null, ""GEX 8"": null, ""GEX 9"": null, ""GEX 10"": null}",unknown,,,,,,False,before_0600,outside_cash,,,,,,,,,,,,,,,not_applicable_outside_hours,london
5fa551ce-e4d4-53ac-9903-4c4556442140,,,2026-02-10T08:49:00+00:00,25346.25,0.25,2026-02-10,,aeb8bad860db92863af8c5db289eb426dcf765061783264e1a527cd39dac9553,"{""Call Resistance"": null, ""Put Support"": null, ""HVL"": null, ""1D Min"": null, ""1D Max"": null, ""Call Resistance 0DTE"": null, ""Put Support 0DTE"": null, ""HVL 0DTE"": null, ""Gamma Wall 0DTE"": null, ""GEX 1"": null, ""GEX 2"": null, ""GEX 3"": null, ""GEX 4"": null, ""GEX 5"": null, ""GEX 6"": null, ""GEX 7"": null, ""GEX 8"": null, ""GEX 9"": null, ""GEX 10"": null}",unknown,,,,,,False,before_0600,outside_cash,,,,,,,,,,,,,,,not_applicable_outside_hours,london
f093ad35-9e56-5790-b90f-742b67541505,,,2026-02-10T15:28:00+00:00,25412.75,0.25,2026-02-10,2026-02-09,aeb8bad860db92863af8c5db289eb426dcf765061783264e1a527cd39dac9553,"{""Call Resistance"": 26000.0, ""Put Support"": 24500.0, ""HVL"": 25270.0, ""1D Min"": 25045.5, ""1D Max"": 25677.5, ""Call Resistance 0DTE"": 25350.0, ""Put Support 0DTE"": 25370.0, ""HVL 0DTE"": 25290.0, ""Gamma Wall 0DTE"": 25350.0, ""GEX 1"": 25500.0, ""GEX 2"": 25250.0, ""GEX 3"": 25100.0, ""GEX 4"": 25475.0, ""GEX 5"": 25200.0, ""GEX 6"": 24750.0, ""GEX 7"": 25000.0, ""GEX 8"": 25800.0, ""GEX 9"": 24900.0, ""GEX 10"": 25750.0}",positive,1211282.907059642,0.421455938697318,316.0,,,True,,s1_0830_1000,above,GEX 4,25475.0,62.25,0.19699367088607594,Put Support 0DTE,25370.0,42.75,0.13528481012658228,False,0.14477848101265822,0.14477848101265822,False,False,evaluated,ny
a635caf5-9b5e-5ae7-82f4-5c451b28b717,,,2026-02-10T15:28:00+00:00,25412.75,0.25,2026-02-10,2026-02-09,aeb8bad860db92863af8c5db289eb426dcf765061783264e1a527cd39dac9553,"{""Call Resistance"": 26000.0, ""Put Support"": 24500.0, ""HVL"": 25270.0, ""1D Min"": 25045.5, ""1D Max"": 25677.5, ""Call Resistance 0DTE"": 25350.0, ""Put Support 0DTE"": 25370.0, ""HVL 0DTE"": 25290.0, ""Gamma Wall 0DTE"": 25350.0, ""GEX 1"": 25500.0, ""GEX 2"": 25250.0, ""GEX 3"": 25100.0, ""GEX 4"": 25475.0, ""GEX 5"": 25200.0, ""GEX 6"": 24750.0, ""GEX 7"": 25000.0, ""GEX 8"": 25800.0, ""GEX 9"": 24900.0, ""GEX 10"": 25750.0}",positive,1211282.907059642,0.421455938697318,316.0,,,True,,s1_0830_1000,above,GEX 4,25475.0,62.25,0.19699367088607594,Put Support 0DTE,25370.0,42.75,0.13528481012658228,False,0.14477848101265822,0.14477848101265822,False,False,evaluated,ny
a8f1690b-e20a-5a26-b13b-8dd2a5b39cb8,,,2026-02-10T15:32:00+00:00,25428.0,0.25,2026-02-10,2026-02-09,aeb8bad860db92863af8c5db289eb426dcf765061783264e1a527cd39dac9553,"{""Call Resistance"": 26000.0, ""Put Support"": 24500.0, ""HVL"": 25270.0, ""1D Min"": 25045.5, ""1D Max"": 25677.5, ""Call Resistance 0DTE"": 25350.0, ""Put Support 0DTE"": 25370.0, ""HVL 0DTE"": 25290.0, ""Gamma Wall 0DTE"": 25350.0, ""GEX 1"": 25500.0, ""GEX 2"": 25250.0, ""GEX 3"": 25100.0, ""GEX 4"": 25475.0, ""GEX 5"": 25200.0, ""GEX 6"": 24750.0, ""GEX 7"": 25000.0, ""GEX 8"": 25800.0, ""GEX 9"": 24900.0, ""GEX 10"": 25750.0}",positive,1211282.907059642,0.421455938697318,316.0,,,True,,s1_0830_1000,above,GEX 4,25475.0,47.0,0.14873417721518986,Put Support 0DTE,25370.0,58.0,0.18354430379746836,False,0.18829113924050633,0.18829113924050633,False,False,evaluated,ny
26180c16-62a4-5d02-84b3-d8684185b5ab,,,2026-02-10T15:33:00+00:00,25431.5,0.25,2026-02-10,2026-02-09,aeb8bad860db92863af8c5db289eb426dcf765061783264e1a527cd39dac9553,"{""Call Resistance"": 26000.0, ""Put Support"": 24500.0, ""HVL"": 25270.0, ""1D Min"": 25045.5, ""1D Max"": 25677.5, ""Call Resistance 0DTE"": 25350.0, ""Put Support 0DTE"": 25370.0, ""HVL 0DTE"": 25290.0, ""Gamma Wall 0DTE"": 25350.0, ""GEX 1"": 25500.0, ""GEX 2"": 25250.0, ""GEX 3"": 25100.0, ""GEX 4"": 25475.0, ""GEX 5"": 25200.0, ""GEX 6"": 24750.0, ""GEX 7"": 25000.0, ""GEX 8"": 25800.0, ""GEX 9"": 24900.0, ""GEX 10"": 25750.0}",positive,1211282.907059642,0.421455938697318,316.0,,,True,,s1_0830_1000,above,GEX 4,25475.0,43.5,0.13765822784810128,Put Support 0DTE,25370.0,61.5,0.19462025316455697,False,0.20965189873417722,0.20965189873417722,False,False,evaluated,ny
6b5533e4-186e-5b7e-a395-203ea79ead05,,,2026-02-10T15:45:00+00:00,25412.75,0.25,2026-02-10,2026-02-09,aeb8bad860db92863af8c5db289eb426dcf765061783264e1a527cd39dac9553,"{""Call Resistance"": 26000.0, ""Put Support"": 24500.0, ""HVL"": 25270.0, ""1D Min"": 25045.5, ""1D Max"": 25677.5, ""Call Resistance 0DTE"": 25350.0, ""Put Support 0DTE"": 25370.0, ""HVL 0DTE"": 25290.0, ""Gamma Wall 0DTE"": 25350.0, ""GEX 1"": 25500.0, ""GEX 2"": 25250.0, ""GEX 3"": 25100.0, ""GEX 4"": 25475.0, ""GEX 5"": 25200.0, ""GEX 6"": 24750.0, ""GEX 7"": 25000.0, ""GEX 8"": 25800.0, ""GEX 9"": 24900.0, ""GEX 10"": 25750.0}",positive,1211282.907059642,0.421455938697318,316.0,,,True,,s1_0830_1000,above,GEX 4,25475.0,62.25,0.19699367088607594,Put Support 0DTE,25370.0,42.75,0.13528481012658228,False,0.14556962025316456,0.14556962025316456,False,False,evaluated,ny
4f40f4d9-81c6-544b-a870-69e9d4765219,,,2026-02-10T15:59:00+00:00,25391.5,0.25,2026-02-10,2026-02-09,aeb8bad860db92863af8c5db289eb426dcf765061783264e1a527cd39dac9553,"{""Call Resistance"": 26000.0, ""Put Support"": 24500.0, ""HVL"": 25270.0, ""1D Min"": 25045.5, ""1D Max"": 25677.5, ""Call Resistance 0DTE"": 25350.0, ""Put Support 0DTE"": 25370.0, ""HVL 0DTE"": 25290.0, ""Gamma Wall 0DTE"": 25350.0, ""GEX 1"": 25500.0, ""GEX 2"": 25250.0, ""GEX 3"": 25100.0, ""GEX 4"": 25475.0, ""GEX 5"": 25200.0, ""GEX 6"": 24750.0, ""GEX 7"": 25000.0, ""GEX 8"": 25800.0, ""GEX 9"": 24900.0, ""GEX 10"": 25750.0}",positive,1211282.907059642,0.421455938697318,316.0,,,True,,s1_0830_1000,above,GEX 4,25475.0,83.5,0.26424050632911394,Put Support 0DTE,25370.0,21.5,0.0680379746835443,False,0.056962025316455694,0.056962025316455694,False,False,evaluated,ny
1a70ae76-ad1c-5117-8855-f4f041cc1c4a,,,2026-02-10T17:40:00+00:00,25361.0,0.25,2026-02-10,2026-02-09,aeb8bad860db92863af8c5db289eb426dcf765061783264e1a527cd39dac9553,"{""Call Resistance"": 26000.0, ""Put Support"": 24500.0, ""HVL"": 25270.0, ""1D Min"": 25045.5, ""1D Max"": 25677.5, ""Call Resistance 0DTE"": 25350.0, ""Put Support 0DTE"": 25370.0, ""HVL 0DTE"": 25290.0, ""Gamma Wall 0DTE"": 25350.0, ""GEX 1"": 25500.0, ""GEX 2"": 25250.0, ""GEX 3"": 25100.0, ""GEX 4"": 25475.0, ""GEX 5"": 25200.0, ""GEX 6"": 24750.0, ""GEX 7"": 25000.0, ""GEX 8"": 25800.0, ""GEX 9"": 24900.0, ""GEX 10"": 25750.0}",positive,1211282.907059642,0.421455938697318,316.0,,,True,,s2_1000_1200,above,Put Support 0DTE,25370.0,9.0,0.028481012658227847,Call Resistance 0DTE|Gamma Wall 0DTE,25350.0,11.0,0.03481012658227848,False,0.02610759493670886,0.02610759493670886,False,False,evaluated,ny
fbd4b4e5-ff18-5dd7-8bf6-6c5bec2761c8,5d2ed1ef-d3d1-5d8d-b39d-e2511378c439,9445ff93-5874-518b-83ed-f6aafb65c0ca,2026-02-10T17:43:00+00:00,25372.75,0.25,2026-02-10,2026-02-09,aeb8bad860db92863af8c5db289eb426dcf765061783264e1a527cd39dac9553,"{""Call Resistance"": 26000.0, ""Put Support"": 24500.0, ""HVL"": 25270.0, ""1D Min"": 25045.5, ""1D Max"": 25677.5, ""Call Resistance 0DTE"": 25350.0, ""Put Support 0DTE"": 25370.0, ""HVL 0DTE"": 25290.0, ""Gamma Wall 0DTE"": 25350.0, ""GEX 1"": 25500.0, ""GEX 2"": 25250.0, ""GEX 3"": 25100.0, ""GEX 4"": 25475.0, ""GEX 5"": 25200.0, ""GEX 6"": 24750.0, ""GEX 7"": 25000.0, ""GEX 8"": 25800.0, ""GEX 9"": 24900.0, ""GEX 10"": 25750.0}",positive,1211282.907059642,0.421455938697318,316.0,,,True,,s2_1000_1200,above,GEX 4,25475.0,102.25,0.3235759493670886,Put Support 0DTE,25370.0,2.75,0.00870253164556962,False,0.048259493670886076,0.048259493670886076,False,False,evaluated,ny
11dcbcf0-034e-5c3a-8f09-4defc9af8563,,,2026-02-11T06:26:00+00:00,25287.75,0.25,2026-02-11,,aeb8bad860db92863af8c5db289eb426dcf765061783264e1a527cd39dac9553,"{""Call Resistance"": null, ""Put Support"": null, ""HVL"": null, ""1D Min"": null, ""1D Max"": null, ""Call Resistance 0DTE"": null, ""Put Support 0DTE"": null, ""HVL 0DTE"": null, ""Gamma Wall 0DTE"": null, ""GEX 1"": null, ""GEX 2"": null, ""GEX 3"": null, ""GEX 4"": null, ""GEX 5"": null, ""GEX 6"": null, ""GEX 7"": null, ""GEX 8"": null, ""GEX 9"": null, ""GEX 10"": null}",unknown,,,,,,False,before_0600,outside_cash,,,,,,,,,,,,,,,not_applicable_outside_hours,asia
efd9ba13-59e9-5e7a-a56e-9269579f54d7,,,2026-02-11T06:26:00+00:00,25287.75,0.25,2026-02-11,,aeb8bad860db92863af8c5db289eb426dcf765061783264e1a527cd39dac9553,"{""Call Resistance"": null, ""Put Support"": null, ""HVL"": null, ""1D Min"": null, ""1D Max"": null, ""Call Resistance 0DTE"": null, ""Put Support 0DTE"": null, ""HVL 0DTE"": null, ""Gamma Wall 0DTE"": null, ""GEX 1"": null, ""GEX 2"": null, ""GEX 3"": null, ""GEX 4"": null, ""GEX 5"": null, ""GEX 6"": null, ""GEX 7"": null, ""GEX 8"": null, ""GEX 9"": null, ""GEX 10"": null}",unknown,,,,,,False,before_0600,outside_cash,,,,,,,,,,,,,,,not_applicable_outside_hours,asia
930ae456-dbf2-5010-9736-5a2a832de7a2,,,2026-02-11T06:38:00+00:00,25279.25,0.25,2026-02-11,,aeb8bad860db92863af8c5db289eb426dcf765061783264e1a527cd39dac9553,"{""Call Resistance"": null, ""Put Support"": null, ""HVL"": null, ""1D Min"": null, ""1D Max"": null, ""Call Resistance 0DTE"": null, ""Put Support 0DTE"": null, ""HVL 0DTE"": null, ""Gamma Wall 0DTE"": null, ""GEX 1"": null, ""GEX 2"": null, ""GEX 3"": null, ""GEX 4"": null, ""GEX 5"": null, ""GEX 6"": null, ""GEX 7"": null, ""GEX 8"": null, ""GEX 9"": null, ""GEX 10"": null}",unknown,,,,,,False,before_0600,outside_cash,,,,,,,,,,,,,,,not_applicable_outside_hours,asia
65b84ad2-5024-5918-84be-7e2d20f8fce4,,,2026-02-11T07:06:00+00:00,25283.0,0.25,2026-02-11,,aeb8bad860db92863af8c5db289eb426dcf765061783264e1a527cd39dac9553,"{""Call Resistance"": null, ""Put Support"": null, ""HVL"": null, ""1D Min"": null, ""1D Max"": null, ""Call Resistance 0DTE"": null, ""Put Support 0DTE"": null, ""HVL 0DTE"": null, ""Gamma Wall 0DTE"": null, ""GEX 1"": null, ""GEX 2"": null, ""GEX 3"": null, ""GEX 4"": null, ""GEX 5"": null, ""GEX 6"": null, ""GEX 7"": null, ""GEX 8"": null, ""GEX 9"": null, ""GEX 10"": null}",unknown,,,,,,False,before_0600,outside_cash,,,,,,,,,,,,,,,not_applicable_outside_hours,london
67639da2-a55b-5419-8607-cfa04ded5194,,,2026-02-18T06:52:00+00:00,24839.0,0.25,2026-02-18,,aeb8bad860db92863af8c5db289eb426dcf765061783264e1a527cd39dac9553,"{""Call Resistance"": null, ""Put Support"": null, ""HVL"": null, ""1D Min"": null, ""1D Max"": null, ""Call Resistance 0DTE"": null, ""Put Support 0DTE"": null, ""HVL 0DTE"": null, ""Gamma Wall 0DTE"": null, ""GEX 1"": null, ""GEX 2"": null, ""GEX 3"": null, ""GEX 4"": null, ""GEX 5"": null, ""GEX 6"": null, ""GEX 7"": null, ""GEX 8"": null, ""GEX 9"": null, ""GEX 10"": null}",unknown,,,,,,False,before_0600,outside_cash,,,,,,,,,,,,,,,not_applicable_outside_hours,none
cbaee0bb-8576-552c-bf3b-c251621d47a7,,,2026-02-18T06:56:00+00:00,24837.5,0.25,2026-02-18,,aeb8bad860db92863af8c5db289eb426dcf765061783264e1a527cd39dac9553,"{""Call Resistance"": null, ""Put Support"": null, ""HVL"": null, ""1D Min"": null, ""1D Max"": null, ""Call Resistance 0DTE"": null, ""Put Support 0DTE"": null, ""HVL 0DTE"": null, ""Gamma Wall 0DTE"": null, ""GEX 1"": null, ""GEX 2"": null, ""GEX 3"": null, ""GEX 4"": null, ""GEX 5"": null, ""GEX 6"": null, ""GEX 7"": null, ""GEX 8"": null, ""GEX 9"": null, ""GEX 10"": null}",unknown,,,,,,False,before_0600,outside_cash,,,,,,,,,,,,,,,not_applicable_outside_hours,none
